Ora;Consumo carichi, kWh
1;48,375
2;3,75
3;6,25
4;3,25
5;6,5
6;3,25
7;11
8;38,75
9;14,125
10;3,875
11;11,25
12;8,125
13;11,75
14;10,875
15;12,5
16;3,25
17;11,125
18;37
19;42,75
20;44,625
21;19,25
22;16
23;15,125
24;11,75
25;7,875
26;4
27;6
28;4,75
29;5,625
30;5,875
31;3,875
32;14,75
33;24,75
34;19,875
35;25,75
36;15,25
37;6,625
38;4
39;6,375
40;3,25
41;6,875
42;21,625
43;29,375
44;68,625
45;13,875
46;16,5
47;16,75
48;23,875
49;17
50;15,5
51;10,125
52;5,875
53;4,125
54;5,125
55;5
56;6,5
57;27,875
58;26,625
59;28,125
60;3
61;8,375
62;28,5
63;70,75
64;24,875
65;52,5
66;29,625
67;167,625
68;87,75
69;52,25
70;18,375
71;12
72;37,375
73;42,25
74;6,375
75;4,5
76;6,5
77;4
78;7
79;5
80;52,625
81;16,75
82;46,5
83;35,625
84;37,375
85;15,25
86;9
87;7,75
88;4
89;10,875
90;25,625
91;35
92;24,625
93;30,25
94;18,125
95;23,5
96;25,5
97;9
98;6,25
99;3,25
100;6,625
101;3,25
102;6,5
103;4,375
104;35,75
105;15,75
106;14,625
107;22
108;12,625
109;5,375
110;14,375
111;5,375
112;12,75
113;7
114;21
115;35,5
116;19,875
117;26,625
118;13,875
119;15,5
120;15,625
121;6,75
122;5,375
123;3,875
124;6
125;3,25
126;6,625
127;4,125
128;31,625
129;7,25
130;6,125
131;3,625
132;7,75
133;17,625
134;21,125
135;20,625
136;18,625
137;21,125
138;62,5
139;73,375
140;48,625
141;27
142;17,25
143;42,375
144;48,875
145;9,25
146;8,75
147;7,25
148;7,75
149;4,375
150;4,625
151;8,625
152;29,875
153;18,75
154;19,625
155;16
156;9,875
157;6,875
158;10,5
159;9,125
160;7,125
161;15,375
162;47,625
163;84,625
164;18,375
165;30,5
166;21,625
167;21,875
168;14
169;14,375
170;5,375
171;6,875
172;4,625
173;7,125
174;4
175;7,75
176;33,5
177;17
178;10,625
179;10,625
180;3,25
181;12,625
182;12,25
183;6
184;8,75
185;13,375
186;14,625
187;50,125
188;38,875
189;32,125
190;16,25
191;43,625
192;51,25
193;49,875
194;56,25
195;55,875
196;3,5
197;6,375
198;4
199;5,375
200;10,875
201;24,875
202;30,375
203;16,5
204;18,625
205;56,375
206;67,375
207;28,25
208;6,75
209;20,125
210;71,625
211;4,625
212;17
213;35,5
214;66,75
215;19,625
216;30
217;18,875
218;11,875
219;7,25
220;3,625
221;5,75
222;4,375
223;5
224;7,125
225;19
226;25,625
227;24,625
228;32,75
229;23,625
230;21
231;20,875
232;51,75
233;51,625
234;22,25
235;27,75
236;35,875
237;20,25
238;17,5
239;17,25
240;17
241;14,375
242;17,875
243;17,75
244;8,875
245;6
246;4,875
247;9,75
248;29
249;16,5
250;17,5
251;11,625
252;42,125
253;38,5
254;10,25
255;7,75
256;6,75
257;13,5
258;21,5
259;35,875
260;13,125
261;19,375
262;25,25
263;24,625
264;14,375
265;16
266;3,875
267;5,375
268;6,5
269;3,75
270;6,5
271;6,25
272;24,625
273;24,375
274;13,625
275;12,25
276;13,25
277;12,375
278;14,625
279;7,125
280;5
281;7,5
282;15,875
283;26
284;26
285;27,625
286;18
287;16,125
288;46
289;50,5
290;16,75
291;6,5
292;5,375
293;6,5
294;4
295;7,25
296;29,375
297;22,375
298;17,625
299;12,875
300;13,25
301;14
302;19,5
303;15
304;10,25
305;11,75
306;34,125
307;89,5
308;58
309;19,75
310;16,375
311;14,625
312;15,375
313;17,5
314;41
315;7,375
316;6
317;3,75
318;6,75
319;5,5
320;69,625
321;43,75
322;6,375
323;10,5
324;12,25
325;12,625
326;12,5
327;5,5
328;10,125
329;16,875
330;24,625
331;47
332;19,625
333;16,625
334;18,25
335;12
336;40,875
337;24,625
338;28,375
339;9,375
340;4
341;5,125
342;6,75
343;4,875
344;27,75
345;18,75
346;9,5
347;6,75
348;7,125
349;13,625
350;12,25
351;4,625
352;7,375
353;13,5
354;20,125
355;30,375
356;63,75
357;24,875
358;24,375
359;15,5
360;15,25
361;9,375
362;47,375
363;6,625
364;4,625
365;6,5
366;3,625
367;6,125
368;5,625
369;17,125
370;90,125
371;27,5
372;47
373;49
374;60,75
375;21,875
376;23,375
377;20,75
378;30,25
379;56,5
380;50,25
381;85,5
382;18,5
383;14,875
384;44,875
385;49,375
386;10,875
387;3,25
388;5,875
389;4,875
390;4,875
391;5,375
392;9
393;16,25
394;16,5
395;20,375
396;55,125
397;20
398;60
399;25,25
400;22,625
401;45,5
402;13,25
403;16,5
404;24
405;19,125
406;19,375
407;17,25
408;16,125
409;7,625
410;3,75
411;7
412;4,25
413;6
414;4,75
415;4,875
416;28,375
417;24,625
418;10,125
419;9,875
420;24,125
421;40,875
422;12,375
423;4,25
424;6
425;9,625
426;29,875
427;95,25
428;25,625
429;17,75
430;25,875
431;46,125
432;14,25
433;4,375
434;7,875
435;4,5
436;7,125
437;5,375
438;5,625
439;7
440;90,625
441;32,125
442;13
443;15,375
444;9,25
445;5,75
446;17,125
447;5,25
448;5,875
449;11,125
450;27,625
451;21,375
452;73,5
453;21,5
454;25,5
455;11,5
456;13,25
457;36,375
458;42,625
459;7,75
460;3,875
461;7
462;3,875
463;8,375
464;57,75
465;25,5
466;10,5
467;10,75
468;14,625
469;17,75
470;17,625
471;21,625
472;20,75
473;18,625
474;26,625
475;60,125
476;16,375
477;19
478;42,5
479;34,375
480;57,375
481;28,375
482;5,75
483;7
484;4
485;7
486;3,875
487;7,375
488;52,875
489;23,125
490;13,875
491;15
492;9,875
493;12,875
494;14
495;3,75
496;8
497;19,875
498;21,375
499;32,25
500;27
501;26
502;28,375
503;17,625
504;46,625
505;55,125
506;13,625
507;10,5
508;4,625
509;4,25
510;5,875
511;14,625
512;34,375
513;23,875
514;17,5
515;6
516;12,375
517;12,375
518;10,375
519;4,875
520;16,25
521;5,625
522;15,75
523;52
524;38,375
525;14,125
526;16
527;21,25
528;15
529;11,625
530;9,5
531;5,5
532;4,125
533;6,625
534;3,75
535;6,875
536;5,625
537;15,5
538;23,25
539;11,625
540;5,25
541;12,125
542;21,625
543;19,625
544;20,125
545;17,25
546;21,875
547;47
548;73
549;19,125
550;38,625
551;26,125
552;18,75
553;19,75
554;7,25
555;8,5
556;3,75
557;6,125
558;5,875
559;7,125
560;13,25
561;16,625
562;17,5
563;78,75
564;74,625
565;40,25
566;57,75
567;20
568;19,875
569;4,375
570;5,5
571;4,625
572;4,25
573;8,375
574;13,5
575;24,25
576;11,125
577;10,625
578;10,875
579;10,625
580;7,5
581;4
582;6,625
583;4,75
584;21,875
585;16,875
586;16,5
587;13,5
588;10,25
589;9,25
590;4,75
591;16,625
592;13,25
593;11,75
594;22
595;44,5
596;20,5
597;23,5
598;4,625
599;9,125
600;7,125
601;7
602;7,375
603;4
604;7,125
605;4,625
606;4,25
607;8,625
608;15,75
609;23,75
610;9,75
611;15,125
612;17,375
613;9,75
614;18,625
615;16,125
616;11,125
617;20,125
618;18
619;63,625
620;34,125
621;32,5
622;17,125
623;18,75
624;22,375
625;54,875
626;42,125
627;43,125
628;6,25
629;5,625
630;4,125
631;8,5
632;11,875
633;15
634;43,625
635;7,5
636;4,5
637;3,875
638;6,125
639;3,25
640;6,375
641;3,75
642;4
643;22,125
644;21,75
645;6,625
646;3,25
647;6
648;31,75
649;47,5
650;8,75
651;5,5
652;7,375
653;4,5
654;4,625
655;7,375
656;19,375
657;18,75
658;17,875
659;8,125
660;6,125
661;3,25
662;6,75
663;8,75
664;8,5
665;13,625
666;22,625
667;51,875
668;38,625
669;22
670;28,125
671;25,625
672;17
673;11,875
674;3,625
675;7,25
676;3,75
677;5,75
678;5,375
679;4,75
680;14,625
681;25,625
682;26,375
683;10,75
684;32,625
685;32,75
686;38,875
687;12,375
688;10,625
689;22
690;20,75
691;18
692;13,125
693;25
694;14,625
695;49,125
696;13,625
697;4,125
698;6,75
699;3,625
700;6,375
701;4
702;4,75
703;5,125
704;48,375
705;8
706;3,25
707;7,125
708;6,25
709;37,625
710;58,5
711;6
712;4,375
713;5,5
714;12,375
715;49,125
716;15
717;21,375
718;39,75
719;42
720;49,75
721;24
722;21,125
723;13,125
724;6,25
725;3,875
726;5,875
727;3,375
728;6,5
729;14,625
730;18,5
731;23
732;17,125
733;4,125
734;12,125
735;7,75
736;11,625
737;6,375
738;5,75
739;4
740;5,375
741;7,125
742;42,5
743;31,625
744;92,25
745;21,625
746;5,5
747;6,125
748;5,375
749;6,375
750;4,625
751;7,625
752;24,5
753;15,25
754;3,625
755;7
756;3,875
757;6,375
758;3,625
759;6,25
760;3,25
761;8,875
762;14,125
763;34,625
764;47,5
765;34,625
766;27,625
767;20,125
768;67
769;32,125
770;23,375
771;8,375
772;7,625
773;4,25
774;7,25
775;4,625
776;31,125
777;9,625
778;8,375
779;4,25
780;5,5
781;6,125
782;14
783;9,375
784;10,875
785;11,375
786;15,75
787;21,375
788;39,25
789;25,875
790;32,625
791;24,25
792;40,375
793;35,625
794;13,5
795;4,125
796;7
797;4,5
798;6,5
799;7,75
800;19
801;11,5
802;13,625
803;12,625
804;18,625
805;21,5
806;22,125
807;17,25
808;22,875
809;21,875
810;23,375
811;40,375
812;49,625
813;23,625
814;31,75
815;76,375
816;25,125
817;66,875
818;25,125
819;7,875
820;6,375
821;6,75
822;6,5
823;8,125
824;32,375
825;23,875
826;49,125
827;42
828;57,125
829;25,25
830;13
831;12,75
832;9,125
833;39,5
834;32,625
835;25,75
836;22,375
837;25,625
838;12,75
839;18,5
840;13,5
841;23,125
842;11,5
843;9,375
844;4,125
845;6,625
846;4,5
847;6,625
848;18,125
849;19,625
850;18
851;21,75
852;10
853;11,375
854;9,375
855;11,5
856;8,5
857;13,75
858;15,125
859;38,125
860;51,75
861;24,375
862;24
863;25,125
864;26,125
865;15,375
866;11,5
867;7,875
868;36,25
869;36,375
870;4,25
871;7,5
872;5,125
873;15,75
874;24,75
875;20,375
876;38,25
877;36,5
878;85,75
879;4,375
880;7,375
881;6,25
882;22
883;21,625
884;34
885;37,375
886;69,25
887;44,875
888;12,5
889;13,875
890;7,875
891;5,625
892;7,25
893;5,75
894;9,75
895;10,875
896;9,5
897;29,125
898;25
899;12
900;27,125
901;19,625
902;17,125
903;15,75
904;20,125
905;16,625
906;14
907;17,25
908;77,875
909;22,75
910;18,25
911;79
912;12,5
913;10,25
914;4,875
915;6,875
916;4,625
917;7,625
918;4,375
919;6,25
920;23
921;24,375
922;14,375
923;13,375
924;17,5
925;14,5
926;14,5
927;8,625
928;12,25
929;17,375
930;21,875
931;39,875
932;28,75
933;31
934;19
935;51
936;52,125
937;4,75
938;4,25
939;7,25
940;4
941;5
942;6,875
943;5,125
944;26,25
945;11,75
946;11,75
947;17,375
948;12,625
949;14,75
950;9,375
951;6,625
952;12
953;11,375
954;20
955;53,625
956;75,625
957;26,25
958;26,375
959;33
960;17,625
961;7
962;5,125
963;3,625
964;7,125
965;4,125
966;3,75
967;8,125
968;28
969;26,875
970;14,5
971;13
972;19
973;45,5
974;16,375
975;3,125
976;8,125
977;9,875
978;14,5
979;44,625
980;18,625
981;24,625
982;23,375
983;24,5
984;19,125
985;25,625
986;31,75
987;30
988;19,125
989;19,875
990;28,75
991;39
992;22,25
993;19
994;5,75
995;13,625
996;12,625
997;13
998;14,875
999;12,125
1000;15,5
1001;15
1002;13,75
1003;47,625
1004;19
1005;18,75
1006;26,75
1007;17,375
1008;22,875
1009;17,625
1010;17,875
1011;12,875
1012;5
1013;6,375
1014;3,75
1015;7,75
1016;14,75
1017;13,875
1018;18,375
1019;15,875
1020;12,875
1021;14,5
1022;14,125
1023;4,75
1024;13,5
1025;12,375
1026;18,375
1027;17
1028;81,375
1029;14,125
1030;20,25
1031;20,625
1032;18,125
1033;18,375
1034;6,125
1035;7,5
1036;4
1037;6,75
1038;4,625
1039;4,875
1040;14,25
1041;21,875
1042;25,375
1043;19,25
1044;24,625
1045;15,625
1046;51,375
1047;19,625
1048;12,875
1049;16
1050;13,5
1051;19
1052;21,5
1053;20,875
1054;85
1055;25,625
1056;19,125
1057;16,875
1058;30,25
1059;5,5
1060;4,125
1061;7,125
1062;3,75
1063;6,5
1064;4,375
1065;17,375
1066;14,75
1067;16,5
1068;17,125
1069;12,25
1070;15,875
1071;12
1072;12,5
1073;32,5
1074;51,5
1075;12,625
1076;17
1077;29
1078;65,375
1079;21,5
1080;23,625
1081;19,875
1082;17,625
1083;19,625
1084;3,625
1085;6,625
1086;4,375
1087;6,125
1088;31,875
1089;16,75
1090;8,625
1091;13,875
1092;12,75
1093;12,75
1094;11,5
1095;5,75
1096;7,125
1097;11,625
1098;30,5
1099;25,75
1100;18,125
1101;13,625
1102;15
1103;76,125
1104;14,5
1105;11,375
1106;4,625
1107;7,125
1108;3,375
1109;5,875
1110;4,375
1111;5
1112;28,75
1113;21,25
1114;25
1115;38,5
1116;59,625
1117;39,875
1118;6
1119;25,25
1120;4,625
1121;17,75
1122;16,25
1123;19
1124;17
1125;22,75
1126;18,125
1127;18,375
1128;12
1129;6,375
1130;5,25
1131;6
1132;5,5
1133;5,125
1134;6,625
1135;4,125
1136;9
1137;4,5
1138;21
1139;13,875
1140;4,625
1141;17,25
1142;12,625
1143;13,75
1144;7,125
1145;13,125
1146;10,625
1147;67
1148;28,875
1149;16,625
1150;25
1151;43,75
1152;6,375
1153;5,625
1154;6,125
1155;5,875
1156;8,375
1157;33,125
1158;40,375
1159;4,75
1160;51,5
1161;46,875
1162;14,25
1163;28,25
1164;9,875
1165;8,75
1166;5,5
1167;11,75
1168;5,375
1169;17,75
1170;21,25
1171;37,125
1172;18,125
1173;18,375
1174;16,375
1175;47
1176;81,875
1177;15,5
1178;10,75
1179;8,125
1180;11
1181;7
1182;11
1183;7,625
1184;80,125
1185;15
1186;14,125
1187;14,5
1188;6,75
1189;8
1190;13,5
1191;13,375
1192;9,625
1193;13,25
1194;42,875
1195;20,5
1196;14
1197;32,625
1198;19,375
1199;62
1200;9,125
1201;3,625
1202;7,75
1203;3,875
1204;6,25
1205;5
1206;4,625
1207;6,75
1208;3,75
1209;14,5
1210;20,5
1211;20,875
1212;4,875
1213;3,25
1214;19,75
1215;9
1216;13,625
1217;27,125
1218;44,875
1219;98,875
1220;39
1221;33,75
1222;17,125
1223;61,125
1224;7,25
1225;3,875
1226;3,75
1227;6,25
1228;5,25
1229;4,25
1230;6,625
1231;3,75
1232;8,625
1233;9,375
1234;27,875
1235;26,125
1236;16,125
1237;23,75
1238;30,875
1239;22,375
1240;53,75
1241;39,625
1242;45,375
1243;81,125
1244;77,75
1245;24,5
1246;19
1247;16,375
1248;42
1249;46
1250;7,125
1251;3,625
1252;6,25
1253;4,375
1254;4,75
1255;6,625
1256;34
1257;15
1258;24,75
1259;21,375
1260;17,125
1261;19,25
1262;14,125
1263;9,625
1264;5,875
1265;8
1266;30,5
1267;56,375
1268;24,5
1269;33
1270;27
1271;20,5
1272;20,75
1273;10,125
1274;13,125
1275;9,75
1276;10,75
1277;4,5
1278;7,625
1279;6,375
1280;23,625
1281;48,125
1282;49,5
1283;23,875
1284;20,25
1285;19,75
1286;15,75
1287;18,125
1288;17,25
1289;16,875
1290;17,25
1291;22,5
1292;25,75
1293;22,875
1294;16,875
1295;19,875
1296;9,25
1297;7,75
1298;7,25
1299;7,875
1300;8,625
1301;8
1302;7,875
1303;8,75
1304;8,625
1305;30
1306;18,625
1307;22,375
1308;16,25
1309;15,625
1310;14,625
1311;6,5
1312;9,375
1313;12,75
1314;18,25
1315;35,625
1316;15,75
1317;16,75
1318;13,625
1319;15,25
1320;6,25
1321;5,375
1322;4,625
1323;5,5
1324;4,875
1325;4,75
1326;5,875
1327;5,875
1328;28,875
1329;43,5
1330;55,625
1331;15,5
1332;11,75
1333;13,875
1334;10,75
1335;4,75
1336;10,875
1337;23,625
1338;19,625
1339;56,375
1340;17,75
1341;22,25
1342;4,375
1343;6,75
1344;5,25
1345;5,75
1346;6,125
1347;4,25
1348;6,5
1349;3,75
1350;6,5
1351;4,875
1352;33,75
1353;17,5
1354;30,625
1355;33
1356;34,625
1357;10,875
1358;6,5
1359;10,125
1360;14,5
1361;9,125
1362;5,625
1363;4,875
1364;5
1365;5,375
1366;11
1367;24,25
1368;15,125
1369;9,375
1370;4,25
1371;7,375
1372;5,25
1373;7,125
1374;5,25
1375;5,75
1376;7,25
1377;14,625
1378;27
1379;21,25
1380;48
1381;10,5
1382;6,875
1383;4
1384;6,375
1385;21,5
1386;57,875
1387;73,375
1388;24,875
1389;26,25
1390;23,125
1391;24,5
1392;25,875
1393;7,875
1394;7,875
1395;4,25
1396;7,75
1397;4,25
1398;6,875
1399;3,5
1400;6,375
1401;14,125
1402;63,5
1403;35,125
1404;59,5
1405;92,5
1406;45,375
1407;15,375
1408;17,625
1409;15,875
1410;14,75
1411;17,375
1412;23,625
1413;22,375
1414;19
1415;20,5
1416;20,625
1417;22,25
1418;5,25
1419;6,625
1420;4,25
1421;6,875
1422;4,125
1423;7,875
1424;47,125
1425;15
1426;5,875
1427;6,625
1428;9,375
1429;11,875
1430;5,5
1431;8
1432;16,375
1433;23,875
1434;20
1435;30,5
1436;20,625
1437;20,5
1438;18,25
1439;35,875
1440;42,375
1441;7,625
1442;54,375
1443;4,125
1444;7,125
1445;5,625
1446;4,25
1447;9,125
1448;81,375
1449;19,5
1450;13,875
1451;14,75
1452;13,625
1453;14,625
1454;11,5
1455;7,125
1456;11,875
1457;14,125
1458;15,375
1459;27,25
1460;19,75
1461;30,625
1462;13,875
1463;9,125
1464;7
1465;4
1466;7,5
1467;4,625
1468;6,125
1469;4,875
1470;5,125
1471;6,75
1472;26,125
1473;15,875
1474;17,625
1475;14,625
1476;15
1477;8,375
1478;14,25
1479;16,375
1480;22,125
1481;18,875
1482;15,125
1483;21,5
1484;16,875
1485;25,5
1486;15
1487;17,125
1488;7
1489;6,625
1490;4,625
1491;7
1492;3,25
1493;6,125
1494;3,25
1495;7
1496;34
1497;15,875
1498;13,375
1499;18,25
1500;12
1501;6,625
1502;11,375
1503;5,5
1504;7,375
1505;14,5
1506;16,5
1507;30,375
1508;15,625
1509;24,75
1510;13,125
1511;51
1512;38,375
1513;18,375
1514;4,125
1515;6,875
1516;4,125
1517;7
1518;3,875
1519;7,875
1520;21,75
1521;16
1522;15,125
1523;19,375
1524;11
1525;13,875
1526;4,75
1527;12,875
1528;6,5
1529;15,75
1530;12,5
1531;56
1532;26,5
1533;19,25
1534;11
1535;18
1536;14,375
1537;9
1538;5,375
1539;4,375
1540;5,375
1541;4
1542;5,5
1543;4,25
1544;9,875
1545;28,625
1546;37,75
1547;3,375
1548;7
1549;3,5
1550;6,75
1551;3,625
1552;6,75
1553;3,75
1554;6,5
1555;9,75
1556;120,625
1557;17,625
1558;15,625
1559;11,75
1560;5,25
1561;7
1562;6,375
1563;5,75
1564;6,625
1565;4,875
1566;6,875
1567;4,75
1568;16,125
1569;22,875
1570;22,125
1571;49,25
1572;16
1573;92,75
1574;25,25
1575;12,625
1576;15,625
1577;10,5
1578;12,875
1579;20,75
1580;55,875
1581;34,375
1582;27,5
1583;12,625
1584;11,125
1585;13,375
1586;18
1587;14,375
1588;5,5
1589;6,625
1590;3,625
1591;7,375
1592;24,875
1593;16,125
1594;22,125
1595;20,5
1596;7,625
1597;12,75
1598;11
1599;7,125
1600;6,625
1601;17,625
1602;74,25
1603;60,25
1604;15,625
1605;16,5
1606;13,125
1607;15,375
1608;35,75
1609;44,375
1610;3,375
1611;6,5
1612;3,625
1613;6,375
1614;3,5
1615;7,375
1616;26,875
1617;42,25
1618;53
1619;21,625
1620;29,375
1621;12,75
1622;4,75
1623;4,875
1624;4,25
1625;5,25
1626;3,625
1627;11,625
1628;18
1629;23,25
1630;16,5
1631;14,625
1632;16
1633;14,125
1634;16,125
1635;26,375
1636;16,875
1637;4,75
1638;7,875
1639;7,25
1640;28,5
1641;10,875
1642;16,5
1643;7,25
1644;16,75
1645;20,375
1646;17,375
1647;17,375
1648;8,75
1649;4,75
1650;5,125
1651;53
1652;100,375
1653;43,25
1654;22,875
1655;22,25
1656;54,125
1657;37,625
1658;21,875
1659;100,25
1660;8,75
1661;6,125
1662;4,5
1663;6,625
1664;73,125
1665;13,75
1666;3,5
1667;6
1668;4,25
1669;5
1670;4,875
1671;4,375
1672;7,375
1673;14,375
1674;29,75
1675;15,75
1676;21,5
1677;19
1678;14,125
1679;16,625
1680;12,625
1681;13
1682;10,875
1683;7
1684;4,25
1685;6,25
1686;5
1687;6,75
1688;21
1689;12,25
1690;60,625
1691;42,125
1692;5,125
1693;4,5
1694;5,75
1695;3,75
1696;8,25
1697;17,375
1698;17,125
1699;14,875
1700;15,125
1701;3,25
1702;6
1703;3,25
1704;6,125
1705;3,25
1706;6,25
1707;3,375
1708;6,25
1709;3,5
1710;5,875
1711;3,75
1712;4,625
1713;5
1714;3,25
1715;6,375
1716;3,25
1717;5,25
1718;4,375
1719;3,25
1720;6,375
1721;3,375
1722;4,875
1723;4,875
1724;3,375
1725;17,75
1726;15,375
1727;15,25
1728;14,375
1729;8,125
1730;11,125
1731;11
1732;6,125
1733;4,5
1734;5,125
1735;10,5
1736;8,125
1737;63,5
1738;23,625
1739;20,625
1740;16,625
1741;16,625
1742;8
1743;6,25
1744;3,625
1745;25,75
1746;55,875
1747;64,125
1748;14,875
1749;71,875
1750;12,25
1751;15
1752;11
1753;14,75
1754;11,5
1755;8,75
1756;6,25
1757;6,375
1758;6,125
1759;7,25
1760;12
1761;10,875
1762;35,125
1763;44
1764;24,75
1765;31,5
1766;88,375
1767;44,125
1768;63,125
1769;29,625
1770;48,625
1771;20,25
1772;15,125
1773;23,875
1774;26,5
1775;33,5
1776;70,125
1777;9,5
1778;9,5
1779;6,25
1780;4,625
1781;6,75
1782;4,25
1783;7,625
1784;15,75
1785;29,375
1786;16,375
1787;19,25
1788;14,25
1789;19
1790;15,75
1791;9,375
1792;15,25
1793;15,75
1794;16,375
1795;13,625
1796;17,625
1797;21,875
1798;12,375
1799;9
1800;9,125
1801;6,125
1802;6,75
1803;4,125
1804;6,625
1805;4,375
1806;6,5
1807;5
1808;13,125
1809;31
1810;20
1811;16
1812;10,375
1813;15,125
1814;12,5
1815;17,875
1816;17,5
1817;17,25
1818;14
1819;18,375
1820;43,75
1821;28,375
1822;23,5
1823;20,75
1824;13,625
1825;10,625
1826;5,125
1827;6,375
1828;4,625
1829;6,25
1830;4,25
1831;6,125
1832;21,75
1833;23,25
1834;18
1835;14,625
1836;11,625
1837;11,375
1838;13,875
1839;4,125
1840;16,875
1841;11
1842;13,875
1843;12
1844;18,625
1845;18,375
1846;20,25
1847;47,625
1848;46,5
1849;3,75
1850;6,75
1851;4,125
1852;7
1853;4,25
1854;6,5
1855;4,25
1856;17,625
1857;11,75
1858;14,25
1859;9,25
1860;7,75
1861;23,875
1862;10,5
1863;10,5
1864;18
1865;17
1866;18,875
1867;20,5
1868;15,375
1869;3,5
1870;10,5
1871;7,5
1872;7,25
1873;4,125
1874;7
1875;4,125
1876;6,125
1877;4,125
1878;5
1879;4,875
1880;3,625
1881;12,25
1882;45,625
1883;37,5
1884;61,5
1885;9,25
1886;7,75
1887;7,25
1888;15,25
1889;22,625
1890;29
1891;16,5
1892;69,125
1893;72,875
1894;30,375
1895;23,125
1896;19,75
1897;10
1898;10,75
1899;10,75
1900;8,75
1901;7,625
1902;5,625
1903;3,875
1904;8,125
1905;12
1906;25,125
1907;34,375
1908;20,125
1909;16,125
1910;21,375
1911;16,125
1912;11,25
1913;25,25
1914;13,5
1915;20,875
1916;72,125
1917;91,125
1918;40,875
1919;31,75
1920;49,5
1921;45,125
1922;4,25
1923;5,625
1924;6,5
1925;4,125
1926;7,625
1927;4,75
1928;33
1929;22,25
1930;17,75
1931;19,375
1932;12,125
1933;8,875
1934;4,75
1935;5,375
1936;5,125
1937;3,625
1938;19,625
1939;7,75
1940;12,125
1941;16,375
1942;19,875
1943;19,5
1944;19
1945;6
1946;3,5
1947;6,25
1948;3,25
1949;6,625
1950;3,25
1951;5,875
1952;4,75
1953;20,625
1954;27,75
1955;13,25
1956;10,75
1957;18,5
1958;11
1959;8
1960;15,625
1961;16,375
1962;14,625
1963;11,375
1964;14,375
1965;16,625
1966;20,625
1967;18,125
1968;15,375
1969;12,5
1970;5,5
1971;3,875
1972;6,5
1973;3,25
1974;6,125
1975;3,875
1976;16,5
1977;19,25
1978;34
1979;18,625
1980;16,625
1981;43,625
1982;28,875
1983;7,75
1984;4,375
1985;7,625
1986;4,125
1987;19
1988;31,25
1989;17,125
1990;35,125
1991;30,25
1992;42,625
1993;45,375
1994;6,75
1995;5
1996;7,25
1997;4,75
1998;7,5
1999;4,625
2000;8,25
2001;104,75
2002;42
2003;15,5
2004;35
2005;14,625
2006;59,25
2007;60,375
2008;13,625
2009;13,75
2010;9,5
2011;19,75
2012;19,5
2013;22,75
2014;25,25
2015;28,25
2016;18,125
2017;11,5
2018;7,375
2019;7
2020;3,625
2021;6,5
2022;3,25
2023;7,5
2024;14
2025;19,75
2026;19,125
2027;14,75
2028;15,25
2029;13,25
2030;12,125
2031;12
2032;25,75
2033;17,625
2034;21,125
2035;18,5
2036;21,5
2037;51,125
2038;17,125
2039;51,375
2040;27
2041;28,375
2042;75,5
2043;6,5
2044;5,125
2045;6,25
2046;4,625
2047;6,625
2048;4
2049;13,5
2050;5,125
2051;21,5
2052;28,125
2053;21,375
2054;36
2055;25,625
2056;16
2057;76,25
2058;7,75
2059;3,375
2060;6,375
2061;3,25
2062;6,625
2063;6,875
2064;21,125
2065;12,625
2066;5,75
2067;7,625
2068;5,25
2069;8,5
2070;5
2071;6,5
2072;7,875
2073;16,625
2074;54,125
2075;21,875
2076;15,875
2077;17,375
2078;13
2079;17
2080;14,5
2081;16,5
2082;69,5
2083;37,875
2084;23,75
2085;18,5
2086;17
2087;13,625
2088;32,375
2089;20,5
2090;35,625
2091;3,75
2092;5,75
2093;4,875
2094;3,75
2095;8,75
2096;32
2097;10
2098;3,25
2099;6,875
2100;3,25
2101;6,25
2102;3,75
2103;4,75
2104;5,25
2105;27,625
2106;17,875
2107;33,5
2108;14,125
2109;17,375
2110;13,375
2111;39
2112;9,5
2113;4,25
2114;7,625
2115;4,25
2116;6,5
2117;5,125
2118;4,625
2119;8
2120;102,75
2121;16,25
2122;11,25
2123;16
2124;13,75
2125;12,125
2126;3,75
2127;3,75
2128;7,875
2129;13,25
2130;15,75
2131;15,875
2132;18,25
2133;27,125
2134;31,5
2135;26,25
2136;24,25
2137;27,25
2138;13,625
2139;7,125
2140;3,5
2141;5,375
2142;5,25
2143;4,5
2144;24,25
2145;13,125
2146;5,125
2147;6,625
2148;6,625
2149;16,125
2150;19,125
2151;12,625
2152;11,25
2153;11
2154;31,125
2155;25,125
2156;18
2157;18
2158;19,75
2159;37,625
2160;37,375
2161;49,25
2162;16,375
2163;4,125
2164;7,625
2165;4,25
2166;6,25
2167;6
2168;14,5
2169;18,375
2170;17,875
2171;19,125
2172;9,625
2173;3,75
2174;10,875
2175;13,75
2176;14,5
2177;18,625
2178;36,125
2179;32
2180;13,75
2181;20
2182;15,5
2183;13,75
2184;12,5
2185;4,25
2186;6,875
2187;4
2188;5,625
2189;5,5
2190;4,875
2191;8,75
2192;24,5
2193;12,125
2194;13,125
2195;14,375
2196;7,25
2197;19,25
2198;12,625
2199;14,75
2200;12,625
2201;14,625
2202;8,875
2203;55,75
2204;13,875
2205;20,625
2206;19,625
2207;20,125
2208;16,875
2209;18,875
2210;17,625
2211;6,5
2212;7,375
2213;4,25
2214;8
2215;4,25
2216;9,375
2217;16,5
2218;17,75
2219;50,125
2220;22,125
2221;6,75
2222;3,75
2223;7,75
2224;6,625
2225;3,625
2226;64,25
2227;24,5
2228;56,125
2229;17,125
2230;12,25
2231;86,75
2232;33,375
2233;43,125
2234;44
2235;40,25
2236;6
2237;5,25
2238;6,5
2239;3,75
2240;5,5
2241;12,625
2242;7,5
2243;16,375
2244;92,25
2245;27,25
2246;59
2247;57,5
2248;63,125
2249;52,625
2250;21,5
2251;27,125
2252;14,625
2253;66,875
2254;46,5
2255;30,375
2256;26,75
2257;7,875
2258;5,625
2259;6,25
2260;3,75
2261;5,375
2262;6,375
2263;6,625
2264;33,25
2265;12,875
2266;12,625
2267;15,25
2268;15,625
2269;61,25
2270;49,125
2271;21
2272;7,375
2273;16,375
2274;12,5
2275;11,25
2276;14,875
2277;23,5
2278;18,625
2279;12
2280;16
2281;8,25
2282;8,125
2283;4,5
2284;6,75
2285;5,125
2286;5,125
2287;6,875
2288;23,875
2289;17,25
2290;13,125
2291;16,625
2292;11
2293;21,75
2294;34,625
2295;21,375
2296;11,75
2297;8,875
2298;15,625
2299;21,25
2300;19,375
2301;15,125
2302;25,125
2303;38
2304;49,375
2305;46
2306;4,75
2307;5,5
2308;5,125
2309;5,75
2310;5,125
2311;5,25
2312;23,75
2313;8,625
2314;29,75
2315;42,75
2316;53
2317;23,25
2318;24,375
2319;25,5
2320;24,125
2321;12
2322;13,75
2323;18,125
2324;54,125
2325;18,5
2326;27,25
2327;49,625
2328;19
2329;13,625
2330;81,375
2331;8,375
2332;5,5
2333;6,125
2334;6,25
2335;6,375
2336;34
2337;18,875
2338;15,125
2339;13,75
2340;18,25
2341;10,375
2342;13,25
2343;18,25
2344;12,75
2345;19,5
2346;13,25
2347;27,75
2348;24,875
2349;21,875
2350;36,125
2351;72,75
2352;37,75
2353;26,75
2354;36,375
2355;6
2356;3,75
2357;6,75
2358;3,875
2359;7,5
2360;51,75
2361;40
2362;12,875
2363;12,125
2364;12,75
2365;10
2366;14,375
2367;14,25
2368;8,875
2369;11,625
2370;17,5
2371;11
2372;3,375
2373;19,125
2374;22,75
2375;20,625
2376;19,5
2377;20,625
2378;19,875
2379;20
2380;20,625
2381;11,75
2382;10
2383;8,75
2384;10,875
2385;11,875
2386;14,125
2387;11,5
2388;12,25
2389;8,125
2390;39,75
2391;16,625
2392;12,625
2393;49,125
2394;42,5
2395;6,25
2396;3,75
2397;20
2398;14,875
2399;13,625
2400;15
2401;20,25
2402;8,25
2403;3,75
2404;6,875
2405;3,625
2406;6,75
2407;3,75
2408;14,25
2409;14,5
2410;24
2411;44,75
2412;40,5
2413;18,375
2414;12,875
2415;16,625
2416;16,5
2417;16,375
2418;15,625
2419;36,375
2420;30,625
2421;18,625
2422;21,625
2423;13,25
2424;13,125
2425;4,375
2426;5,75
2427;5,875
2428;5,375
2429;6
2430;4,5
2431;6,25
2432;21,125
2433;15,75
2434;12,875
2435;15,25
2436;11,25
2437;7,875
2438;3,75
2439;7,125
2440;5,625
2441;5,625
2442;10,375
2443;69,625
2444;14,625
2445;13,875
2446;16,125
2447;15,625
2448;15,625
2449;31,875
2450;22,875
2451;30,5
2452;5
2453;5,875
2454;4,375
2455;6,125
2456;17
2457;14,375
2458;10,75
2459;13,25
2460;8,375
2461;13,875
2462;6,75
2463;16,5
2464;9,75
2465;13,25
2466;15,5
2467;11,875
2468;13,375
2469;18,25
2470;25,375
2471;18,625
2472;24,25
2473;6
2474;3,625
2475;7,875
2476;3,75
2477;5
2478;6,25
2479;3,625
2480;24,875
2481;15,375
2482;6,125
2483;7,875
2484;18,375
2485;23,625
2486;21
2487;9,75
2488;11,75
2489;13,75
2490;14,75
2491;35,875
2492;15,125
2493;17,875
2494;18,75
2495;42,25
2496;79,25
2497;76,75
2498;35,875
2499;15,75
2500;6,125
2501;3,75
2502;7,5
2503;4
2504;24
2505;13,125
2506;15,125
2507;12,5
2508;10,25
2509;13
2510;26
2511;18,125
2512;17,375
2513;16,5
2514;11
2515;13,125
2516;12,375
2517;16,125
2518;13,625
2519;13
2520;17,875
2521;15,5
2522;6,75
2523;5,75
2524;5,5
2525;5,125
2526;6,25
2527;4,75
2528;19,75
2529;9,625
2530;14,875
2531;5,25
2532;10,875
2533;13,75
2534;14,625
2535;11,75
2536;11,25
2537;9,125
2538;17,25
2539;13,25
2540;16,125
2541;6
2542;14,75
2543;8,75
2544;16,5
2545;9,625
2546;8,625
2547;6,375
2548;4,5
2549;7,375
2550;3,875
2551;6,625
2552;36
2553;59,75
2554;34,625
2555;9,625
2556;9
2557;9
2558;23,5
2559;44
2560;25,375
2561;9,875
2562;9,625
2563;14,25
2564;13,625
2565;56,375
2566;69,875
2567;24,875
2568;18,25
2569;72
2570;15,75
2571;18,75
2572;17,375
2573;10,25
2574;10,25
2575;10,25
2576;18,125
2577;21,75
2578;26,625
2579;41,125
2580;14,75
2581;8,375
2582;9
2583;93,625
2584;18,875
2585;87
2586;18,625
2587;21,875
2588;10
2589;12,125
2590;39
2591;46,875
2592;12,125
2593;16,375
2594;15,375
2595;8,75
2596;6,625
2597;4,125
2598;4,5
2599;5,75
2600;26
2601;15,25
2602;11,375
2603;11,125
2604;10,25
2605;12,625
2606;10,375
2607;7,25
2608;6,625
2609;5,5
2610;14,375
2611;19,5
2612;17
2613;17
2614;15
2615;18,25
2616;11,25
2617;6
2618;5,75
2619;4,5
2620;5,875
2621;4,625
2622;5,75
2623;4,625
2624;18,5
2625;13,75
2626;14,875
2627;33,625
2628;40,875
2629;50,625
2630;22,125
2631;14,875
2632;14,125
2633;6,5
2634;13,25
2635;14,5
2636;11
2637;14,125
2638;16,5
2639;15,125
2640;17,125
2641;8,75
2642;6,875
2643;3,75
2644;6,625
2645;3,75
2646;6,75
2647;3,5
2648;6,625
2649;19,25
2650;25,875
2651;14,5
2652;17,125
2653;20,25
2654;17,625
2655;6,375
2656;10,25
2657;13,5
2658;16,25
2659;12,875
2660;9,25
2661;6
2662;4,5
2663;6,375
2664;3,875
2665;7,375
2666;4
2667;8,75
2668;4,875
2669;6,25
2670;6
2671;4,875
2672;7,375
2673;4,5
2674;7,25
2675;4,75
2676;15,125
2677;38,125
2678;9,375
2679;6,875
2680;4,25
2681;7,25
2682;9,25
2683;8,375
2684;89,125
2685;101,125
2686;42
2687;38,5
2688;13,875
2689;10,625
2690;6,125
2691;8,25
2692;8
2693;8,25
2694;6,75
2695;11,125
2696;16,25
2697;23,75
2698;73,625
2699;66
2700;20,125
2701;23,25
2702;13,125
2703;14,75
2704;11,75
2705;17,625
2706;35,125
2707;74,875
2708;60,5
2709;20,625
2710;39,5
2711;40,125
2712;53,875
2713;12,375
2714;8,25
2715;12,5
2716;10
2717;13,625
2718;9,875
2719;12,125
2720;7,625
2721;28,625
2722;20,5
2723;15,5
2724;14,875
2725;13,125
2726;63,5
2727;14,75
2728;12,5
2729;7
2730;7,875
2731;10,625
2732;11
2733;12,25
2734;11,375
2735;14
2736;19,875
2737;10,25
2738;5,125
2739;6,125
2740;5,125
2741;5,75
2742;4,75
2743;5,75
2744;4,875
2745;39,25
2746;42,375
2747;36
2748;20,25
2749;11,375
2750;11,875
2751;15,25
2752;9,125
2753;7,375
2754;4,125
2755;17,375
2756;17,25
2757;13
2758;40,25
2759;51
2760;13,75
2761;7,75
2762;6
2763;5,75
2764;5,125
2765;3,75
2766;6,75
2767;3,5
2768;18,625
2769;9,125
2770;13,125
2771;18
2772;65,625
2773;37
2774;14,375
2775;8,625
2776;12,5
2777;17,5
2778;17,25
2779;28,625
2780;12,5
2781;11
2782;10,875
2783;13
2784;9
2785;6
2786;5,875
2787;4,75
2788;5,5
2789;4,75
2790;4,375
2791;6
2792;16,375
2793;15,625
2794;13,5
2795;15,875
2796;14,125
2797;13,625
2798;8,25
2799;4,875
2800;5,125
2801;3,75
2802;6,25
2803;11,5
2804;33,5
2805;16,25
2806;14
2807;8,375
2808;33,375
2809;13,5
2810;3,625
2811;7
2812;4,125
2813;4,375
2814;6,75
2815;15
2816;18,625
2817;62
2818;28,375
2819;8,375
2820;11,125
2821;12,375
2822;12
2823;8
2824;7,125
2825;7,125
2826;14
2827;29,5
2828;15,75
2829;11,375
2830;16,125
2831;16,25
2832;13,75
2833;38,125
2834;42,625
2835;8,125
2836;7,5
2837;7,625
2838;4,25
2839;3,5
2840;26,5
2841;11
2842;13,25
2843;10,625
2844;7,5
2845;8,75
2846;15
2847;11,25
2848;9,25
2849;16,25
2850;9,25
2851;8,25
2852;41,875
2853;16,625
2854;40
2855;33,25
2856;60,5
2857;7,5
2858;3
2859;4
2860;7,75
2861;3,625
2862;6,375
2863;5,75
2864;25,625
2865;9,5
2866;13,875
2867;16,125
2868;12
2869;9,25
2870;7,125
2871;15,25
2872;7,625
2873;14,875
2874;13,25
2875;42,625
2876;12,875
2877;12,625
2878;15,75
2879;16
2880;14,875
2881;8,75
2882;7
2883;4
2884;5
2885;8,125
2886;3,75
2887;5,375
2888;6,5
2889;25,25
2890;24,5
2891;29
2892;4
2893;7,25
2894;3,125
2895;5,875
2896;5,375
2897;3,125
2898;7,75
2899;3,375
2900;5,25
2901;6,125
2902;3
2903;7,125
2904;4,25
2905;4,375
2906;6,625
2907;3,125
2908;6,625
2909;4,625
2910;4
2911;7
2912;3,125
2913;6,125
2914;5
2915;3,375
2916;7,375
2917;3,125
2918;5,75
2919;5,125
2920;3,375
2921;7,625
2922;3,125
2923;5,75
2924;5,375
2925;3,125
2926;7,875
2927;3,125
2928;5,875
2929;5,75
2930;3
2931;7,875
2932;3,5
2933;5,375
2934;5,875
2935;3,125
2936;7,375
2937;3,75
2938;4,75
2939;47,125
2940;29,375
2941;27,875
2942;22,125
2943;13,5
2944;14,125
2945;7
2946;7,125
2947;5
2948;3
2949;4,875
2950;21,625
2951;9,875
2952;11
2953;14,25
2954;11,25
2955;13,125
2956;13,375
2957;11
2958;15,625
2959;11,25
2960;19,5
2961;13,375
2962;9,375
2963;4,375
2964;3,125
2965;7,625
2966;3,75
2967;4,75
2968;6,375
2969;3,125
2970;6,75
2971;6,875
2972;3,25
2973;19,875
2974;27
2975;24,875
2976;16,125
2977;66,25
2978;8
2979;8
2980;5,125
2981;4
2982;5,75
2983;7
2984;13,5
2985;10,75
2986;10,375
2987;8,875
2988;13
2989;6
2990;12,5
2991;13,5
2992;11,125
2993;11,125
2994;11,625
2995;14,375
2996;13,25
2997;16,875
2998;17,875
2999;20,625
3000;9,75
3001;7,125
3002;3,75
3003;4,75
3004;7,75
3005;3,625
3006;5,625
3007;5,875
3008;17,25
3009;10,25
3010;13,375
3011;5,75
3012;3
3013;5,625
3014;6,625
3015;3,25
3016;5,875
3017;5,5
3018;3
3019;31,5
3020;10,375
3021;23,625
3022;21,25
3023;35,875
3024;38,25
3025;8,375
3026;7,25
3027;5,625
3028;3,625
3029;3,625
3030;8
3031;5,25
3032;15,625
3033;9
3034;11,375
3035;7,125
3036;4,25
3037;3,25
3038;6
3039;5,75
3040;3,25
3041;6,625
3042;5
3043;13,5
3044;41,125
3045;14,75
3046;17,125
3047;15
3048;15,375
3049;12,25
3050;9,125
3051;8,5
3052;8,625
3053;8,625
3054;8,625
3055;6,25
3056;4,625
3057;8,375
3058;23,625
3059;7,375
3060;6
3061;3,625
3062;6
3063;5,75
3064;3,375
3065;6,5
3066;5
3067;7
3068;17,875
3069;20
3070;4,875
3071;6,875
3072;4,125
3073;7,75
3074;3,625
3075;6,75
3076;7,375
3077;6,375
3078;5,625
3079;5,875
3080;5,875
3081;5,125
3082;6,125
3083;4,125
3084;34
3085;7,125
3086;7,375
3087;3,875
3088;7,25
3089;12,5
3090;17,25
3091;36,25
3092;13
3093;12,5
3094;18,25
3095;8,25
3096;6,75
3097;5,375
3098;22,625
3099;47,25
3100;5
3101;6,25
3102;4,25
3103;7
3104;15,125
3105;10,125
3106;12,625
3107;6,25
3108;4,5
3109;5,75
3110;4,875
3111;5,125
3112;6
3113;13,125
3114;15,375
3115;13,125
3116;9,875
3117;18,625
3118;9,125
3119;12,5
3120;35,5
3121;35
3122;7,125
3123;3,75
3124;6,875
3125;4,125
3126;5,75
3127;5,375
3128;16,125
3129;16,25
3130;10,125
3131;6,25
3132;4,375
3133;5,625
3134;5,125
3135;4,875
3136;11
3137;7,5
3138;19,5
3139;67,875
3140;24,75
3141;16,375
3142;15
3143;21,875
3144;10,625
3145;9
3146;5,375
3147;4,75
3148;6
3149;4
3150;6,875
3151;3,625
3152;18,875
3153;7,875
3154;5,75
3155;14,125
3156;11,375
3157;7,625
3158;7,75
3159;7,375
3160;10
3161;13,875
3162;12,5
3163;40,25
3164;14,5
3165;13,625
3166;33
3167;27,375
3168;24,125
3169;73,375
3170;7,625
3171;3,625
3172;6
3173;4,5
3174;5,625
3175;4,75
3176;56,75
3177;15
3178;8,625
3179;5,875
3180;4,375
3181;5,875
3182;4,875
3183;5
3184;10,875
3185;11,75
3186;15,75
3187;17,5
3188;14,25
3189;9,125
3190;62,25
3191;16,875
3192;33,5
3193;58,5
3194;6,75
3195;3,75
3196;6,5
3197;4,625
3198;5,75
3199;5,5
3200;18,875
3201;10,75
3202;11,875
3203;6,75
3204;3,875
3205;6,75
3206;3,375
3207;6,625
3208;3,25
3209;6,125
3210;5,375
3211;63
3212;14,375
3213;16
3214;18
3215;16
3216;10,875
3217;6
3218;4,625
3219;6,25
3220;5,625
3221;4,125
3222;7,5
3223;4,625
3224;9,25
3225;7,5
3226;24,125
3227;9,375
3228;12,75
3229;32,375
3230;7,625
3231;5,25
3232;4,625
3233;67,25
3234;43,5
3235;88,75
3236;16,375
3237;15,625
3238;16
3239;18,125
3240;23,25
3241;15
3242;18,125
3243;15,875
3244;10,5
3245;7,5
3246;5,25
3247;9,125
3248;10
3249;16,5
3250;8,75
3251;20
3252;8,125
3253;11
3254;13,375
3255;21,5
3256;29
3257;30
3258;18,75
3259;36,875
3260;16,375
3261;17,5
3262;17,875
3263;16,75
3264;39,125
3265;41,25
3266;7,5
3267;7,625
3268;5
3269;5
3270;4,375
3271;6,25
3272;16,375
3273;17,125
3274;13,875
3275;7,375
3276;7,125
3277;7,125
3278;7,125
3279;7,125
3280;3,5
3281;3,25
3282;14
3283;27,25
3284;17,625
3285;19,125
3286;11,5
3287;9
3288;7,75
3289;5,5
3290;4,875
3291;6,5
3292;5
3293;6,5
3294;5,5
3295;5,625
3296;15,625
3297;15
3298;13
3299;3,625
3300;6,25
3301;3,875
3302;5,75
3303;4
3304;5,375
3305;4,5
3306;5,125
3307;7,75
3308;5,125
3309;12,625
3310;12,75
3311;11,375
3312;47,125
3313;21,5
3314;7
3315;3,625
3316;7
3317;3,5
3318;6,875
3319;12,875
3320;41,25
3321;54,75
3322;12
3323;10,25
3324;13,75
3325;7,75
3326;10,75
3327;12,625
3328;18,5
3329;20,5
3330;7,625
3331;33
3332;13,375
3333;13,875
3334;17,5
3335;39,625
3336;44
3337;7,625
3338;7,125
3339;7,375
3340;3,75
3341;3,625
3342;3,75
3343;6,875
3344;16,75
3345;15,5
3346;7,625
3347;6,125
3348;3,875
3349;5,125
3350;4,75
3351;4,125
3352;6,125
3353;11,125
3354;15,375
3355;19,5
3356;14,625
3357;21
3358;27,125
3359;44,25
3360;14,5
3361;4,375
3362;6,25
3363;5,75
3364;5
3365;6,875
3366;4
3367;7,25
3368;23,875
3369;16
3370;9,25
3371;6,5
3372;3,25
3373;5
3374;5,25
3375;3,625
3376;6,5
3377;3,25
3378;6,875
3379;3,375
3380;7,375
3381;12,375
3382;17,875
3383;19,875
3384;7,875
3385;6
3386;5,5
3387;4,875
3388;6,25
3389;4,875
3390;5,5
3391;4,375
3392;6,375
3393;10,125
3394;12
3395;40,625
3396;10,625
3397;29,875
3398;32,375
3399;4,875
3400;5,125
3401;10,875
3402;5,875
3403;29,25
3404;46,25
3405;21,75
3406;19,875
3407;16,875
3408;19,5
3409;17,125
3410;36,75
3411;40
3412;4,625
3413;5,125
3414;8
3415;5,125
3416;7,375
3417;4,5
3418;22,375
3419;11,625
3420;26,75
3421;43,125
3422;14,875
3423;12,125
3424;8
3425;7,125
3426;7,125
3427;7,125
3428;7,125
3429;7,125
3430;5,125
3431;14,75
3432;17,5
3433;24,875
3434;60,75
3435;17,5
3436;6,75
3437;7,25
3438;10,375
3439;7,25
3440;22,625
3441;26,25
3442;23,625
3443;15,75
3444;10,375
3445;4,5
3446;8,5
3447;8,125
3448;10,375
3449;25,5
3450;47,75
3451;40,875
3452;18,25
3453;17,625
3454;45,5
3455;63,75
3456;57,25
3457;14,25
3458;4,75
3459;4,625
3460;8,75
3461;8,5
3462;8,25
3463;8
3464;28
3465;16,375
3466;13,25
3467;7
3468;7,125
3469;7,125
3470;7,125
3471;7
3472;8
3473;10,5
3474;16,25
3475;17,125
3476;13,625
3477;17,625
3478;23,5
3479;39,25
3480;38,75
3481;36,625
3482;8,375
3483;3,625
3484;6,75
3485;6,375
3486;3,5
3487;6,875
3488;53,5
3489;51,375
3490;7,75
3491;11,25
3492;13,75
3493;12,125
3494;12
3495;18,5
3496;12,375
3497;14,875
3498;16,375
3499;17,125
3500;11,625
3501;11,625
3502;13,875
3503;18
3504;18,25
3505;17,5
3506;7,75
3507;7,5
3508;7,625
3509;7,25
3510;7,125
3511;7,125
3512;18
3513;12,875
3514;9,5
3515;3,625
3516;3,625
3517;3,875
3518;7,875
3519;7,25
3520;7,25
3521;7,125
3522;7,125
3523;54,75
3524;22,125
3525;17
3526;17,625
3527;14,375
3528;7,25
3529;3,75
3530;4,875
3531;7,125
3532;3,875
3533;6,375
3534;4,75
3535;5
3536;21,375
3537;14,375
3538;11,5
3539;3,125
3540;4,875
3541;6,25
3542;3,625
3543;7,375
3544;3,25
3545;5,25
3546;5,625
3547;29,5
3548;16,625
3549;11,875
3550;15,875
3551;14,875
3552;11,75
3553;12,75
3554;13,125
3555;4,75
3556;6,625
3557;5,875
3558;3,625
3559;8
3560;4,5
3561;16,375
3562;37,5
3563;33,25
3564;12,875
3565;4,875
3566;12,125
3567;39,125
3568;16,75
3569;92,25
3570;67,375
3571;56,625
3572;41,75
3573;51,625
3574;25,75
3575;15,5
3576;17,125
3577;19,25
3578;9,125
3579;7,5
3580;7,5
3581;5
3582;4,75
3583;4
3584;7,125
3585;9,125
3586;16,125
3587;10,625
3588;14,125
3589;10,75
3590;14,375
3591;16,375
3592;14,25
3593;12,875
3594;17,5
3595;18,5
3596;18,625
3597;18,75
3598;24,5
3599;19,25
3600;13,75
3601;8,25
3602;5,125
3603;4,125
3604;4,25
3605;6,5
3606;8
3607;5,25
3608;22,25
3609;12,125
3610;12,5
3611;7,5
3612;4,5
3613;3,625
3614;7,75
3615;6,125
3616;7
3617;11,25
3618;13,875
3619;7,5
3620;4,875
3621;9
3622;15,875
3623;13,875
3624;15,625
3625;30,375
3626;35
3627;7,25
3628;6,875
3629;3,75
3630;6,375
3631;7,5
3632;16,25
3633;16
3634;9,625
3635;6,125
3636;3,625
3637;6,25
3638;7,75
3639;4,625
3640;3,625
3641;10,625
3642;17
3643;13,375
3644;26,75
3645;11
3646;30,375
3647;28,375
3648;14,375
3649;52,875
3650;39
3651;4,375
3652;7,875
3653;5,75
3654;3,25
3655;10,875
3656;22,25
3657;7,875
3658;3,875
3659;11,625
3660;12,5
3661;3,625
3662;6
3663;6,75
3664;3,125
3665;5,25
3666;7,375
3667;9,75
3668;11
3669;16,375
3670;16,875
3671;14,625
3672;14,125
3673;4,125
3674;5,5
3675;8,625
3676;4,375
3677;4,375
3678;8,5
3679;4,875
3680;9,75
3681;21,25
3682;10,875
3683;3,125
3684;4,875
3685;7,5
3686;4,125
3687;4,75
3688;7,625
3689;4
3690;4,875
3691;13,5
3692;8,5
3693;21,625
3694;14,375
3695;14,375
3696;18,25
3697;35
3698;33,375
3699;6,5
3700;7,125
3701;4,25
3702;6,25
3703;7,25
3704;13,625
3705;13,875
3706;10,75
3707;3,625
3708;6,625
3709;5,875
3710;3,625
3711;6,375
3712;5,875
3713;4,625
3714;9,875
3715;49,375
3716;24,625
3717;18,25
3718;36,75
3719;29,75
3720;13,375
3721;36,25
3722;35,25
3723;4,5
3724;4,5
3725;7,75
3726;4
3727;4,25
3728;10
3729;45,375
3730;19,5
3731;84,875
3732;59
3733;14
3734;10,375
3735;7,375
3736;35,875
3737;54
3738;21,375
3739;20,625
3740;76,875
3741;30,875
3742;51
3743;23,125
3744;15,75
3745;10,5
3746;7,875
3747;4,5
3748;5
3749;7,75
3750;3,875
3751;5,375
3752;6,625
3753;5,875
3754;13,375
3755;19,375
3756;33
3757;8,5
3758;64,875
3759;18,875
3760;6,625
3761;4
3762;14,125
3763;12,75
3764;11,625
3765;13,375
3766;13,5
3767;78
3768;64,125
3769;65,375
3770;50,875
3771;10,625
3772;11
3773;10
3774;10,375
3775;4,125
3776;12,125
3777;14,75
3778;12,125
3779;3,625
3780;6,75
3781;3,625
3782;6,875
3783;3,625
3784;9
3785;14,125
3786;14
3787;20,625
3788;11,25
3789;20
3790;16,625
3791;11,25
3792;6,75
3793;4,5
3794;5,875
3795;5,875
3796;4,5
3797;6,625
3798;3,75
3799;7,625
3800;19
3801;14,625
3802;7,875
3803;4,25
3804;6,75
3805;3,625
3806;7
3807;8,25
3808;8,625
3809;10,25
3810;14,75
3811;9,625
3812;45,5
3813;12,625
3814;19,25
3815;18,5
3816;9,625
3817;9,625
3818;4,5
3819;7,625
3820;5,25
3821;7,25
3822;5,75
3823;6,25
3824;18,75
3825;13,125
3826;8,125
3827;13,375
3828;12,625
3829;14,25
3830;11,125
3831;7,5
3832;7,125
3833;7,75
3834;16,375
3835;26
3836;13,125
3837;12,75
3838;24,125
3839;83
3840;64,5
3841;58,25
3842;39,375
3843;7,25
3844;4,125
3845;7,25
3846;5,375
3847;4,5
3848;28,25
3849;19,875
3850;13,875
3851;7,25
3852;7,125
3853;7,125
3854;4
3855;3,125
3856;9,125
3857;11,875
3858;14,875
3859;13
3860;8,75
3861;10,75
3862;22,375
3863;18,625
3864;14,25
3865;15,375
3866;4,5
3867;6,5
3868;6
3869;5
3870;7,75
3871;4,625
3872;22,375
3873;10,5
3874;11
3875;7,375
3876;7,125
3877;4,625
3878;3,125
3879;6
3880;5
3881;3,125
3882;7,125
3883;8,375
3884;12,375
3885;16,375
3886;13
3887;16,625
3888;14,5
3889;10,375
3890;7
3891;3,75
3892;7,25
3893;4,75
3894;6,625
3895;4,875
3896;4,875
3897;21,375
3898;14,75
3899;10,5
3900;10,25
3901;9,75
3902;39,75
3903;29,375
3904;72,5
3905;15,25
3906;10,125
3907;10
3908;36,625
3909;20,25
3910;13
3911;25,125
3912;41
3913;47,625
3914;10,75
3915;8,375
3916;5,375
3917;7,875
3918;7,625
3919;7,125
3920;19,75
3921;19,375
3922;10,375
3923;29,875
3924;7,5
3925;7,375
3926;11,125
3927;19,125
3928;18,25
3929;15,5
3930;7
3931;7,125
3932;7,125
3933;7,5
3934;76,375
3935;43,625
3936;58,375
3937;20,625
3938;12,375
3939;8,75
3940;5,75
3941;4,875
3942;8,25
3943;7,375
3944;15,75
3945;17,125
3946;12,875
3947;8,5
3948;8,625
3949;8,625
3950;8,5
3951;8,625
3952;8,625
3953;8,5
3954;8,625
3955;19,125
3956;21,75
3957;16
3958;19,125
3959;10,5
3960;7,375
3961;7,625
3962;7,25
3963;7
3964;7,125
3965;7
3966;7,125
3967;6,75
3968;24,125
3969;13,75
3970;8,875
3971;7
3972;5,375
3973;3,125
3974;5,625
3975;4,75
3976;3,625
3977;13,875
3978;12,625
3979;13,875
3980;12,75
3981;12,5
3982;13,25
3983;17
3984;33,375
3985;40
3986;9
3987;4,625
3988;6,75
3989;6,75
3990;4,125
3991;12,125
3992;22,375
3993;8,375
3994;10,625
3995;11,75
3996;15
3997;11,375
3998;10,75
3999;7
4000;7,125
4001;7
4002;6,5
4003;4
4004;3,75
4005;14,125
4006;19,5
4007;17,625
4008;10,5
4009;7,5
4010;8,375
4011;7,5
4012;7,625
4013;7,625
4014;7
4015;7,125
4016;22,25
4017;10,75
4018;7,75
4019;3,875
4020;8,125
4021;7,625
4022;7,5
4023;7,625
4024;7,25
4025;3,5
4026;4,875
4027;39,625
4028;19
4029;20,375
4030;16,25
4031;16,875
4032;15,75
4033;9,75
4034;4,125
4035;3,5
4036;6,125
4037;5,375
4038;3,125
4039;8
4040;20,625
4041;14,25
4042;16,625
4043;7
4044;5,625
4045;3,125
4046;4,75
4047;7,25
4048;3,125
4049;10,625
4050;14,375
4051;10,5
4052;14,125
4053;13
4054;10,375
4055;17,25
4056;13
4057;11,75
4058;6
4059;6,25
4060;8,375
4061;4,625
4062;6,375
4063;7,125
4064;15,375
4065;15,625
4066;46,875
4067;12,875
4068;29
4069;73
4070;22,625
4071;7,25
4072;7,125
4073;7
4074;7,125
4075;7,125
4076;4,75
4077;5,25
4078;12,75
4079;20,125
4080;18,125
4081;8,875
4082;3,75
4083;3,875
4084;8,375
4085;3,75
4086;4,625
4087;7
4088;3,625
4089;16,25
4090;12,375
4091;58,5
4092;50,625
4093;74,25
4094;67,875
4095;9,625
4096;12,125
4097;3,25
4098;5,125
4099;6
4100;5,125
4101;17,625
4102;12,625
4103;15,5
4104;15,75
4105;5,125
4106;8,125
4107;4,125
4108;8,125
4109;4,5
4110;5
4111;5,375
4112;14
4113;20,5
4114;13,25
4115;7,5
4116;5,375
4117;14,625
4118;15,75
4119;8,75
4120;7
4121;12,125
4122;12,75
4123;14,625
4124;11
4125;6,5
4126;15
4127;35
4128;21,25
4129;50,5
4130;5
4131;6,625
4132;4
4133;7,5
4134;4,125
4135;7,625
4136;6,125
4137;17,875
4138;10,375
4139;7,25
4140;3,125
4141;3
4142;7,25
4143;3,75
4144;3
4145;7,375
4146;7,25
4147;13,125
4148;16,875
4149;20,75
4150;16,625
4151;38,875
4152;56,75
4153;21,25
4154;18,25
4155;8,75
4156;6,625
4157;6,875
4158;3,875
4159;8
4160;17,625
4161;12,125
4162;8,375
4163;6,25
4164;3
4165;5,625
4166;5,75
4167;3,125
4168;7,25
4169;4
4170;5
4171;8,375
4172;12
4173;15,375
4174;10,875
4175;9,5
4176;9,625
4177;8,25
4178;4,375
4179;5
4180;7,75
4181;3,75
4182;6,625
4183;5,375
4184;4,25
4185;28,125
4186;13,375
4187;6,5
4188;3,125
4189;4,875
4190;6
4191;3
4192;12,25
4193;14,125
4194;14,25
4195;7
4196;21,5
4197;13,125
4198;9,375
4199;33,875
4200;21
4201;5,625
4202;3,5
4203;8,5
4204;4,5
4205;5,5
4206;7
4207;3,625
4208;14,125
4209;43,625
4210;9,875
4211;4,625
4212;6,375
4213;3,125
4214;6,25
4215;4,625
4216;3,875
4217;7,125
4218;3,125
4219;6,25
4220;5,875
4221;7,875
4222;13,5
4223;11,125
4224;12,875
4225;15,25
4226;6,625
4227;7,125
4228;4,375
4229;4,375
4230;7,5
4231;3,5
4232;6,5
4233;37,625
4234;35,5
4235;23,5
4236;3,5
4237;5,875
4238;5,75
4239;3,5
4240;8
4241;3,625
4242;70,25
4243;10,375
4244;10,875
4245;13,25
4246;12,75
4247;16,5
4248;16,25
4249;13,75
4250;12
4251;6,625
4252;5,625
4253;3,625
4254;8,25
4255;4
4256;5,25
4257;25,625
4258;41,625
4259;7,5
4260;3,625
4261;5,125
4262;6
4263;46,5
4264;16,75
4265;16,25
4266;17,125
4267;31,75
4268;30,875
4269;4,125
4270;7,25
4271;3,5
4272;9,375
4273;11,375
4274;7,25
4275;11,75
4276;8,25
4277;10
4278;10,5
4279;7,625
4280;7,625
4281;14,375
4282;15,625
4283;5,625
4284;3,625
4285;7,375
4286;3,125
4287;5,875
4288;6,75
4289;10,625
4290;12,25
4291;7,5
4292;9,5
4293;29,625
4294;13,875
4295;13,125
4296;11,375
4297;7,625
4298;7
4299;7,5
4300;7,75
4301;6,125
4302;4
4303;6,5
4304;9,375
4305;28,25
4306;12,125
4307;7,25
4308;7,125
4309;5,125
4310;3,125
4311;4,625
4312;6
4313;3,125
4314;8
4315;10,875
4316;11,75
4317;16
4318;14,625
4319;23,625
4320;18,5
4321;16,5
4322;5,125
4323;3,625
4324;8,25
4325;4,25
4326;4,5
4327;7,375
4328;6,625
4329;29
4330;23
4331;7,875
4332;7,125
4333;6,125
4334;6,875
4335;18,25
4336;17,125
4337;16
4338;14
4339;13,625
4340;15,75
4341;19,875
4342;15,25
4343;23,375
4344;32,25
4345;35,75
4346;5
4347;5,125
4348;8
4349;6
4350;4,625
4351;15,125
4352;15,25
4353;13,375
4354;5,875
4355;3,125
4356;6,125
4357;4,5
4358;7,125
4359;13,5
4360;10
4361;7,875
4362;12,5
4363;5,625
4364;52
4365;34,25
4366;12
4367;14
4368;9,625
4369;7,125
4370;7,125
4371;7
4372;7,125
4373;3,5
4374;3,25
4375;4,5
4376;14,375
4377;10
4378;13
4379;3,375
4380;7,625
4381;7,125
4382;3,5
4383;3,875
4384;6,625
4385;3,25
4386;28
4387;24,625
4388;8,375
4389;13,125
4390;11,625
4391;18,125
4392;14,875
4393;12,875
4394;12,625
4395;3,125
4396;7,375
4397;4,625
4398;5,5
4399;5,125
4400;3,75
4401;6,875
4402;17,875
4403;35
4404;28,125
4405;72,75
4406;43,5
4407;20
4408;12,25
4409;3,125
4410;7,375
4411;3
4412;6
4413;8,625
4414;12,5
4415;15
4416;20,5
4417;19,25
4418;10,75
4419;8,25
4420;9
4421;6,875
4422;9,375
4423;6,875
4424;10,5
4425;6,375
4426;9,5
4427;15,125
4428;9,75
4429;9
4430;23,125
4431;48,875
4432;7,25
4433;66,25
4434;14,875
4435;11,5
4436;13,5
4437;7,625
4438;11,75
4439;10,375
4440;6,625
4441;7,375
4442;3,625
4443;7,625
4444;4,625
4445;6,625
4446;4
4447;5,875
4448;5,25
4449;17,875
4450;12
4451;4,25
4452;6,5
4453;6,375
4454;12,25
4455;3,5
4456;6,875
4457;3,625
4458;7,5
4459;13,625
4460;9
4461;22,875
4462;50,25
4463;42,25
4464;5,375
4465;7,625
4466;4,125
4467;6,375
4468;5,875
4469;4,875
4470;7,375
4471;4
4472;9,375
4473;23,375
4474;13,5
4475;3,125
4476;5,625
4477;4,625
4478;4
4479;6,25
4480;3,125
4481;7,25
4482;3,125
4483;6,125
4484;8,125
4485;47,25
4486;11,375
4487;66,75
4488;40
4489;3,375
4490;6,75
4491;4,375
4492;5,375
4493;6
4494;3,625
4495;7,5
4496;3,25
4497;22,25
4498;15,625
4499;5,75
4500;4,5
4501;4,125
4502;6,375
4503;3,125
4504;7,375
4505;4,625
4506;13,25
4507;11,75
4508;24,25
4509;13,75
4510;12,375
4511;19,75
4512;11,125
4513;5,125
4514;6,5
4515;3,75
4516;8,375
4517;4,125
4518;6,375
4519;6
4520;20,375
4521;14,375
4522;9,875
4523;5,5
4524;5,75
4525;3,125
4526;7,5
4527;3,375
4528;5,375
4529;5,25
4530;7,5
4531;21,375
4532;53,75
4533;18
4534;16,625
4535;12,75
4536;3,75
4537;7,25
4538;4,75
4539;3,75
4540;7,25
4541;3,25
4542;5,875
4543;5,625
4544;8,875
4545;21,5
4546;7,875
4547;6,625
4548;4,125
4549;4,375
4550;6,375
4551;3
4552;6,75
4553;4
4554;4,5
4555;6,25
4556;4,125
4557;14,5
4558;12,625
4559;11
4560;15,5
4561;6,125
4562;5,625
4563;5,75
4564;3,5
4565;7,875
4566;3,5
4567;5,25
4568;18,375
4569;6
4570;19,875
4571;6,25
4572;9,25
4573;10,5
4574;21,375
4575;26
4576;9,375
4577;7,625
4578;7,375
4579;3,125
4580;4,875
4581;7,375
4582;3,625
4583;10,25
4584;13
4585;12,875
4586;18
4587;10,875
4588;8,125
4589;10,25
4590;6,75
4591;9,625
4592;16,375
4593;5,375
4594;5,625
4595;11,875
4596;12,625
4597;69,375
4598;42,125
4599;46,25
4600;61,5
4601;13,25
4602;30,75
4603;36
4604;3,5
4605;7,125
4606;6,25
4607;26,75
4608;24,25
4609;4,75
4610;5,125
4611;8
4612;4,625
4613;8,375
4614;4,125
4615;6,25
4616;6,375
4617;4,25
4618;17
4619;8,875
4620;32,375
4621;34,125
4622;31,375
4623;9,125
4624;18,25
4625;46,875
4626;23,875
4627;6,875
4628;10,375
4629;14,875
4630;29,625
4631;17
4632;20,375
4633;6,375
4634;8
4635;4,625
4636;7
4637;5,5
4638;6,375
4639;5,875
4640;11,125
4641;10,5
4642;11,375
4643;7
4644;3,5
4645;7,375
4646;3,75
4647;6,625
4648;4
4649;4,5
4650;6
4651;3,125
4652;8,25
4653;13,375
4654;8,375
4655;16,75
4656;11,375
4657;5,625
4658;6,125
4659;4,25
4660;7
4661;3,625
4662;7
4663;7,5
4664;15,625
4665;13,25
4666;11,375
4667;6,625
4668;4,375
4669;5,875
4670;4,875
4671;3,75
4672;7,375
4673;3,25
4674;9,75
4675;9,375
4676;15,75
4677;18,875
4678;26
4679;13,875
4680;7,5
4681;7,5
4682;29,75
4683;11,75
4684;9,125
4685;8,25
4686;5,125
4687;4,5
4688;38,375
4689;24
4690;8,625
4691;7,875
4692;7
4693;3,25
4694;4,125
4695;8
4696;4,25
4697;14
4698;14,125
4699;8,5
4700;7,5
4701;12,375
4702;12,125
4703;16,5
4704;17
4705;9,375
4706;9,25
4707;8,5
4708;4
4709;9,125
4710;5,875
4711;3,875
4712;22
4713;23,5
4714;9,875
4715;7,625
4716;7,625
4717;4,25
4718;4
4719;7,75
4720;4,25
4721;4,25
4722;7,875
4723;9,5
4724;15,25
4725;13,625
4726;17,125
4727;14,625
4728;15,25
4729;15,125
4730;13,5
4731;7,75
4732;7,5
4733;7,75
4734;7,625
4735;6,125
4736;4
4737;10,375
4738;12
4739;8,125
4740;7,625
4741;7,5
4742;7,375
4743;3,5
4744;5,5
4745;7,625
4746;3,625
4747;6,25
4748;6,25
4749;10,375
4750;16,875
4751;32
4752;35,375
4753;7,75
4754;7,625
4755;7,625
4756;8
4757;7,75
4758;6,5
4759;3,75
4760;5,75
4761;7,5
4762;3,625
4763;6,125
4764;6,25
4765;6
4766;63,875
4767;16
4768;15,75
4769;14,75
4770;12,625
4771;14,375
4772;15
4773;14,75
4774;14,875
4775;15,5
4776;11,375
4777;8,375
4778;5,375
4779;4,375
4780;7,75
4781;7
4782;4,5
4783;8,5
4784;5,25
4785;8,875
4786;14,75
4787;7,875
4788;7,75
4789;5,75
4790;3,75
4791;6,75
4792;6,5
4793;3,875
4794;11
4795;10
4796;11,75
4797;29,75
4798;16
4799;10,25
4800;8,375
4801;8
4802;8,375
4803;8,125
4804;8,25
4805;8,125
4806;7,75
4807;3,75
4808;3,75
4809;7,75
4810;9,5
4811;3,5
4812;8,125
4813;4,625
4814;4,875
4815;7,875
4816;3,5
4817;6,625
4818;6,25
4819;9,875
4820;16,25
4821;16,875
4822;19,125
4823;14
4824;16
4825;31,375
4826;7,25
4827;8,625
4828;4,625
4829;6,75
4830;7,875
4831;4,25
4832;60,875
4833;14,25
4834;7,625
4835;7,125
4836;5,75
4837;3,875
4838;8,25
4839;4,375
4840;5,5
4841;7,5
4842;4,25
4843;14,375
4844;15,875
4845;23
4846;17,875
4847;14,625
4848;7,125
4849;8,625
4850;7
4851;4,125
4852;8
4853;6
4854;4,5
4855;8,375
4856;4,375
4857;13,25
4858;22,375
4859;13,5
4860;10,625
4861;10,125
4862;7,875
4863;9,25
4864;7,5
4865;13
4866;14,375
4867;14
4868;14,75
4869;7,5
4870;7,25
4871;7,375
4872;8,625
4873;12,625
4874;6,375
4875;6,875
4876;6,5
4877;8,25
4878;8
4879;7,625
4880;7,5
4881;7,5
4882;7,5
4883;11
4884;8,25
4885;9,25
4886;9,375
4887;14
4888;8,125
4889;5,375
4890;8,75
4891;10,625
4892;8,75
4893;8,75
4894;8,5
4895;8,5
4896;9,625
4897;7
4898;7,125
4899;7
4900;7,125
4901;6
4902;3,625
4903;3,25
4904;3,25
4905;7,5
4906;7,125
4907;15,125
4908;12,125
4909;12,875
4910;12,75
4911;13,375
4912;13
4913;11,75
4914;9,875
4915;8,5
4916;8,25
4917;12,75
4918;21,5
4919;10,875
4920;10
4921;8,25
4922;7,125
4923;7
4924;7,125
4925;7
4926;7,125
4927;6,875
4928;6,5
4929;6,5
4930;3,125
4931;3
4932;6,125
4933;53
4934;14
4935;11,875
4936;31,75
4937;37,125
4938;8,125
4939;8,125
4940;8,25
4941;8
4942;16,375
4943;10,875
4944;12,625
4945;9,5
4946;3,875
4947;3,625
4948;3,625
4949;7,625
4950;7,375
4951;7,125
4952;7
4953;3,875
4954;3,625
4955;16,75
4956;10,875
4957;4,625
4958;7,375
4959;3,5
4960;5,25
4961;6,625
4962;3
4963;6,25
4964;7,25
4965;9,75
4966;10
4967;11,625
4968;7,25
4969;7,125
4970;3,125
4971;3,25
4972;7,75
4973;4,625
4974;3,25
4975;7,625
4976;3,875
4977;4,375
4978;6,875
4979;6
4980;16
4981;13,25
4982;7,375
4983;13,25
4984;14
4985;12,75
4986;15,75
4987;6,75
4988;7,25
4989;7,625
4990;4,5
4991;7,375
4992;10,75
4993;4,625
4994;3,5
4995;7,125
4996;3,125
4997;5,75
4998;5,375
4999;21,875
5000;56,125
5001;113,625
5002;120,875
5003;11,875
5004;11,5
5005;10
5006;10,875
5007;12,375
5008;12,75
5009;15
5010;8,5
5011;7,25
5012;71
5013;13,25
5014;14
5015;11
5016;12,375
5017;6,875
5018;7,375
5019;7,375
5020;5,75
5021;3,5
5022;7,75
5023;4,875
5024;5,875
5025;10,125
5026;4,25
5027;37,5
5028;27,375
5029;71,5
5030;8,5
5031;10
5032;13,625
5033;12,875
5034;8
5035;23,5
5036;100
5037;14,5
5038;12
5039;23,875
5040;26,875
5041;55,125
5042;12,75
5043;9,125
5044;8
5045;7,5
5046;7,625
5047;7,625
5048;7,625
5049;20,75
5050;17,75
5051;43,875
5052;11,875
5053;9,125
5054;10
5055;12,25
5056;50,875
5057;48,375
5058;11,875
5059;14
5060;14,125
5061;16,75
5062;17,75
5063;11,75
5064;31,625
5065;26,5
5066;23,25
5067;5,75
5068;5,125
5069;5,125
5070;11,25
5071;20,625
5072;12,5
5073;21
5074;19
5075;15,375
5076;7,625
5077;6,375
5078;3,625
5079;4,375
5080;7,625
5081;3,625
5082;6,375
5083;5,25
5084;4,25
5085;14,25
5086;14
5087;16
5088;12,625
5089;12,625
5090;13,625
5091;7,25
5092;8,875
5093;4,875
5094;7,375
5095;6,25
5096;5,375
5097;15,875
5098;9,875
5099;28,375
5100;10,875
5101;36
5102;10,5
5103;4
5104;7,125
5105;19,75
5106;49,125
5107;17,625
5108;40,25
5109;47
5110;21,25
5111;18
5112;15,75
5113;11,5
5114;7,625
5115;7
5116;7,125
5117;7,125
5118;7
5119;7,125
5120;6,75
5121;10,375
5122;21,5
5123;14,25
5124;8,375
5125;8,5
5126;14,125
5127;33,125
5128;53,5
5129;25,625
5130;13
5131;15,25
5132;6,5
5133;6,625
5134;6,5
5135;11,875
5136;7,75
5137;7,5
5138;5,375
5139;6,875
5140;6,5
5141;4,25
5142;8,25
5143;4,625
5144;6,5
5145;4
5146;23,875
5147;34
5148;40,625
5149;11,125
5150;18,125
5151;15,25
5152;7
5153;7,125
5154;5,875
5155;3
5156;3,125
5157;14,875
5158;13,875
5159;14,375
5160;11,375
5161;8,125
5162;8,75
5163;3,375
5164;6
5165;5,125
5166;4,5
5167;6,875
5168;3
5169;6,875
5170;22,25
5171;5,875
5172;5
5173;4,125
5174;7
5175;3,375
5176;7,125
5177;8
5178;14,625
5179;15,75
5180;14,25
5181;17,125
5182;14,25
5183;26,25
5184;36,375
5185;12,25
5186;40,625
5187;5,375
5188;6,375
5189;14,75
5190;12,125
5191;13
5192;19
5193;9,5
5194;11,125
5195;2,5
5196;5,125
5197;4,75
5198;2,5
5199;7,125
5200;2,875
5201;4,625
5202;12,375
5203;10,75
5204;23,625
5205;13,625
5206;18,375
5207;31,125
5208;37,875
5209;3
5210;3
5211;7,625
5212;3,375
5213;4
5214;6,5
5215;3
5216;22,875
5217;11,75
5218;16,375
5219;16,75
5220;15,75
5221;13,25
5222;6,5
5223;2,625
5224;7,25
5225;6,625
5226;2,625
5227;4,125
5228;6,125
5229;2,75
5230;13
5231;16,125
5232;10,75
5233;7,625
5234;10,25
5235;9,625
5236;6,375
5237;7
5238;3,75
5239;4
5240;6,375
5241;5,125
5242;18,625
5243;33,625
5244;12,25
5245;10,75
5246;2,875
5247;4,875
5248;5,625
5249;2,75
5250;6,875
5251;15,25
5252;17,875
5253;10,75
5254;20,875
5255;18,125
5256;18
5257;17,75
5258;13,75
5259;7,5
5260;7,25
5261;7,125
5262;5,75
5263;3,625
5264;3,625
5265;29
5266;24,125
5267;36,5
5268;85,5
5269;9
5270;10,25
5271;10,75
5272;13,25
5273;9,875
5274;6,5
5275;7
5276;12,5
5277;13,125
5278;16,5
5279;30,125
5280;36,125
5281;7
5282;4,125
5283;3,625
5284;3,25
5285;18
5286;18,5
5287;12
5288;29,875
5289;18,5
5290;16,5
5291;16,875
5292;12,25
5293;13,75
5294;10,875
5295;7,25
5296;14,875
5297;18,5
5298;16
5299;21,625
5300;16,75
5301;11,75
5302;17,625
5303;12,125
5304;11,75
5305;11,625
5306;12,625
5307;9,5
5308;6
5309;3,5
5310;4
5311;3,75
5312;10,625
5313;20
5314;16
5315;7,375
5316;3,375
5317;2,5
5318;5,875
5319;4,625
5320;2,75
5321;6,375
5322;4
5323;58,625
5324;59,25
5325;15,125
5326;17
5327;22,375
5328;12,875
5329;13
5330;8,625
5331;6,75
5332;3,625
5333;3,125
5334;3,25
5335;7,375
5336;7,75
5337;19
5338;18,25
5339;31,125
5340;37,375
5341;6,625
5342;6,5
5343;6,625
5344;6,625
5345;10,375
5346;10,375
5347;7,125
5348;15,5
5349;21,125
5350;22,875
5351;20,75
5352;11,25
5353;8,25
5354;7,5
5355;7,25
5356;6,625
5357;6,75
5358;6,25
5359;3
5360;16,375
5361;21,125
5362;12,5
5363;11,25
5364;8,875
5365;6,625
5366;6,5
5367;6,625
5368;6,75
5369;15,75
5370;13,375
5371;66,375
5372;24,625
5373;11,75
5374;17,25
5375;60,875
5376;21,5
5377;19,625
5378;26,75
5379;35,625
5380;7,625
5381;8
5382;8
5383;8
5384;10,625
5385;24,5
5386;17
5387;4,75
5388;3,125
5389;3,125
5390;5,5
5391;6,875
5392;6,75
5393;6,625
5394;5,25
5395;25,125
5396;41,625
5397;24,375
5398;26,75
5399;38,125
5400;17,5
5401;71,5
5402;22,5
5403;5,75
5404;3,125
5405;3,25
5406;6,125
5407;4
5408;4,75
5409;23
5410;10,75
5411;19
5412;11,875
5413;8,75
5414;4,875
5415;4,75
5416;34,5
5417;40,25
5418;8,125
5419;5,25
5420;5,625
5421;9,5
5422;12,75
5423;14,5
5424;12
5425;10
5426;7,25
5427;4,625
5428;9,75
5429;3,5
5430;7,25
5431;3,375
5432;21,375
5433;17,25
5434;22
5435;31,375
5436;8,5
5437;4,375
5438;3,875
5439;5,25
5440;2,75
5441;15,75
5442;11,25
5443;11,75
5444;10,375
5445;14,625
5446;15,25
5447;8,625
5448;23,875
5449;13,75
5450;20
5451;15,25
5452;4,5
5453;8,125
5454;5,25
5455;6,125
5456;47,25
5457;36
5458;17,125
5459;7,75
5460;6
5461;3,375
5462;7,125
5463;2,625
5464;6,5
5465;8
5466;12
5467;6,75
5468;16,375
5469;17,875
5470;23,125
5471;11,75
5472;11,25
5473;12,875
5474;29,75
5475;32,5
5476;3,75
5477;6,75
5478;3,125
5479;5,75
5480;4,125
5481;46,5
5482;13,125
5483;6,5
5484;11,625
5485;16,375
5486;12,5
5487;13,625
5488;29
5489;25,125
5490;66,25
5491;26,375
5492;17,25
5493;24,75
5494;19,625
5495;17,125
5496;8,125
5497;5,625
5498;7,375
5499;7
5500;7
5501;7
5502;6,875
5503;6,75
5504;11,875
5505;11
5506;13,625
5507;7,625
5508;2,625
5509;4,75
5510;4,25
5511;3,375
5512;5,75
5513;4,75
5514;15,75
5515;11,25
5516;26,75
5517;19,875
5518;15,125
5519;15,875
5520;11,875
5521;4,25
5522;5,875
5523;3,125
5524;7,125
5525;3
5526;6,5
5527;3,375
5528;13,875
5529;24,375
5530;21,125
5531;6,375
5532;3,125
5533;6,625
5534;2,625
5535;6,375
5536;3,125
5537;5,25
5538;4,125
5539;20,625
5540;25,875
5541;18
5542;19,625
5543;15,25
5544;35,375
5545;36,375
5546;5,375
5547;5,5
5548;4,25
5549;6,625
5550;3,5
5551;7,375
5552;3,25
5553;14,375
5554;11,125
5555;7,625
5556;5,25
5557;2,875
5558;6,625
5559;2,75
5560;6,625
5561;3
5562;12,75
5563;13,75
5564;12,875
5565;15
5566;11,25
5567;15,875
5568;36
5569;19,625
5570;75
5571;33,5
5572;5,75
5573;3,875
5574;7
5575;3,375
5576;7,25
5577;3,875
5578;19,25
5579;59,125
5580;10,5
5581;8,25
5582;7,125
5583;6,875
5584;3
5585;11,625
5586;15,5
5587;33,5
5588;14,5
5589;10,5
5590;6,75
5591;27,375
5592;18,75
5593;16,375
5594;6,25
5595;3
5596;3
5597;7
5598;3,375
5599;4,875
5600;5,5
5601;3,125
5602;7,25
5603;18,75
5604;38,25
5605;7,5
5606;3,625
5607;10,25
5608;8,375
5609;9,625
5610;12,625
5611;45,125
5612;7,375
5613;6,625
5614;14,125
5615;14,125
5616;19,375
5617;22,5
5618;23,375
5619;15,625
5620;14,5
5621;9,5
5622;7,375
5623;5
5624;28,125
5625;10,25
5626;13,25
5627;7,125
5628;4,625
5629;11,25
5630;14
5631;13,625
5632;6
5633;7,125
5634;11,75
5635;8
5636;3,25
5637;18,75
5638;25,125
5639;13,875
5640;15,875
5641;26,75
5642;36,875
5643;5,375
5644;4
5645;7,75
5646;11,75
5647;15,5
5648;24,75
5649;15,75
5650;12
5651;10,25
5652;46
5653;62,5
5654;14
5655;14,25
5656;6,375
5657;17,625
5658;17,125
5659;18,75
5660;31,25
5661;16,5
5662;14,5
5663;12,375
5664;31,5
5665;4,75
5666;6,75
5667;4,625
5668;4,375
5669;6,75
5670;3,625
5671;7,25
5672;39,75
5673;58,125
5674;7,375
5675;8,25
5676;10,875
5677;11,875
5678;27,875
5679;23,375
5680;16,875
5681;18,75
5682;14
5683;42,625
5684;47,75
5685;16,875
5686;18,75
5687;58,375
5688;16,875
5689;29,75
5690;37
5691;7,25
5692;7,25
5693;7,125
5694;7,125
5695;7,125
5696;85,5
5697;27,375
5698;4,875
5699;3,125
5700;3,125
5701;3,875
5702;15
5703;13,25
5704;9,875
5705;12,375
5706;10,125
5707;18,5
5708;18
5709;19
5710;9,875
5711;7,75
5712;19,375
5713;9
5714;3,5
5715;7,875
5716;7,125
5717;3,625
5718;4,5
5719;7,75
5720;25,875
5721;14,125
5722;7
5723;4
5724;2,75
5725;9,875
5726;17,5
5727;7,75
5728;5
5729;5,625
5730;2,875
5731;6
5732;4,5
5733;11
5734;15,5
5735;10,875
5736;12,125
5737;18,125
5738;15,5
5739;4,375
5740;6,125
5741;7
5742;3,75
5743;6,5
5744;6,875
5745;10,625
5746;18,25
5747;12,375
5748;35,375
5749;42,125
5750;8,5
5751;7,125
5752;8,5
5753;6,5
5754;46,375
5755;55,75
5756;70,875
5757;14,375
5758;32,5
5759;49,5
5760;17,5
5761;18,75
5762;17,25
5763;16,125
5764;7,5
5765;7,375
5766;4,875
5767;3,875
5768;10,375
5769;6,125
5770;6
5771;16,25
5772;19
5773;17
5774;15
5775;15,375
5776;6,625
5777;9,125
5778;8,625
5779;4,875
5780;6,875
5781;8,375
5782;30
5783;23,375
5784;21
5785;10,125
5786;8,75
5787;6
5788;4,75
5789;9,375
5790;5,375
5791;7,375
5792;19,875
5793;6,125
5794;7,125
5795;7,125
5796;6,875
5797;6,5
5798;4,625
5799;3,125
5800;5,625
5801;5,625
5802;2,625
5803;50,25
5804;14,875
5805;21,375
5806;18
5807;10,375
5808;15,875
5809;28,5
5810;12,5
5811;6,75
5812;3,625
5813;6,25
5814;5,875
5815;4,125
5816;84,875
5817;12,25
5818;7,125
5819;3,125
5820;6
5821;4,125
5822;4,125
5823;5,75
5824;2,75
5825;6,75
5826;3,25
5827;4,125
5828;56,625
5829;29,375
5830;41,5
5831;41,25
5832;50,25
5833;22,625
5834;7,25
5835;6
5836;7,125
5837;4,125
5838;7,375
5839;5,75
5840;14
5841;13
5842;12,75
5843;6,75
5844;5,875
5845;2,625
5846;2,875
5847;7,25
5848;2,875
5849;4
5850;11,375
5851;12
5852;10,625
5853;17,25
5854;11,625
5855;11,875
5856;11
5857;18,25
5858;11,625
5859;22,375
5860;13,625
5861;3,625
5862;3,5
5863;5,25
5864;34,125
5865;8,875
5866;6,625
5867;6,5
5868;5,25
5869;2,75
5870;2,5
5871;7,25
5872;3,5
5873;2,875
5874;7,375
5875;4,625
5876;6
5877;6,375
5878;20
5879;15,5
5880;16
5881;6,5
5882;6,75
5883;5,25
5884;3,25
5885;7,875
5886;4,25
5887;3,75
5888;19,375
5889;8,25
5890;7,625
5891;7,5
5892;7,375
5893;5,25
5894;3,5
5895;4,25
5896;8,125
5897;3,625
5898;4
5899;35,25
5900;40,125
5901;23,125
5902;15,625
5903;32,5
5904;43,625
5905;10,625
5906;7,375
5907;7,5
5908;7,5
5909;7,5
5910;5,75
5911;3,5
5912;5
5913;12,25
5914;16,625
5915;46,875
5916;19,875
5917;17,5
5918;70,5
5919;34,5
5920;12,375
5921;10,25
5922;9,125
5923;12,875
5924;64
5925;25,625
5926;19,125
5927;21,75
5928;17,625
5929;18,125
5930;25,875
5931;12,375
5932;8,125
5933;5,75
5934;4,375
5935;7,5
5936;3,75
5937;10,875
5938;70,375
5939;13,75
5940;14,75
5941;11,875
5942;16,5
5943;4,25
5944;6,625
5945;10,75
5946;66,375
5947;17,5
5948;34,75
5949;22,875
5950;33,875
5951;41,875
5952;12,875
5953;16,125
5954;17,125
5955;12,375
5956;5,375
5957;5,75
5958;8,625
5959;7
5960;21,25
5961;11
5962;7,75
5963;7,875
5964;3,75
5965;11,875
5966;18,125
5967;12,375
5968;6,75
5969;14,75
5970;14,625
5971;8,875
5972;7,375
5973;12,25
5974;11,5
5975;8,875
5976;4,5
5977;7,25
5978;3,125
5979;6,75
5980;3,375
5981;5,75
5982;4,25
5983;4,875
5984;20
5985;9,625
5986;6,875
5987;3,5
5988;6,375
5989;4,625
5990;4,875
5991;5,75
5992;5,875
5993;15,75
5994;13
5995;13,75
5996;12,125
5997;36,125
5998;11
5999;9
6000;10,625
6001;8
6002;9,25
6003;3,125
6004;6,5
6005;3
6006;6,75
6007;3,125
6008;17,375
6009;9,5
6010;14
6011;10,5
6012;8,125
6013;7,25
6014;5,125
6015;5,875
6016;5,25
6017;6,125
6018;3,125
6019;10,5
6020;22,375
6021;17,75
6022;78,5
6023;84,375
6024;58,25
6025;25,625
6026;37,875
6027;7,125
6028;5,5
6029;3,75
6030;3,625
6031;7,125
6032;22,125
6033;16,75
6034;11,25
6035;3
6036;7,125
6037;3,375
6038;5,125
6039;5,875
6040;11,375
6041;16,75
6042;31,875
6043;22,75
6044;10,625
6045;27,375
6046;19,375
6047;56,125
6048;92,625
6049;16,375
6050;19,25
6051;11,875
6052;5
6053;5,875
6054;4
6055;6,75
6056;17,625
6057;6,625
6058;8,125
6059;6,25
6060;3,125
6061;5,25
6062;4,375
6063;7,125
6064;14,625
6065;18,375
6066;10,875
6067;10
6068;55,75
6069;21,625
6070;14,625
6071;37,625
6072;79,125
6073;23,125
6074;12,375
6075;3,125
6076;6,5
6077;3,125
6078;6,375
6079;4,125
6080;77,75
6081;14,25
6082;4,125
6083;5,5
6084;3,125
6085;6,5
6086;3,125
6087;6,125
6088;3,625
6089;5
6090;4,375
6091;4,125
6092;5,625
6093;3,125
6094;6,375
6095;3
6096;6
6097;3,625
6098;4,75
6099;4,875
6100;3,375
6101;6,375
6102;3
6103;6,375
6104;3,5
6105;4,75
6106;5
6107;3,125
6108;6,5
6109;3,125
6110;5,625
6111;4,125
6112;4
6113;17,25
6114;15,75
6115;92,25
6116;21,125
6117;42,75
6118;52,375
6119;36,5
6120;39
6121;9,375
6122;4,75
6123;4,75
6124;5
6125;4,5
6126;5,125
6127;4,25
6128;20,625
6129;13,25
6130;12,5
6131;16,75
6132;14,125
6133;26,625
6134;9,75
6135;12,875
6136;4,125
6137;12,375
6138;12,875
6139;11,125
6140;18
6141;24,5
6142;10,5
6143;10,25
6144;16,125
6145;15,875
6146;10
6147;5,75
6148;4,25
6149;6
6150;3,375
6151;7
6152;20,5
6153;16,375
6154;3,875
6155;5,25
6156;4,625
6157;4,625
6158;5,25
6159;4,75
6160;11,125
6161;13,125
6162;16,625
6163;16
6164;15,375
6165;26,375
6166;19
6167;43,875
6168;43,25
6169;15,25
6170;10,125
6171;3,625
6172;6,75
6173;3,875
6174;6,25
6175;4,25
6176;13,625
6177;15,375
6178;16,25
6179;27,5
6180;10,875
6181;8
6182;7,875
6183;6,375
6184;11,5
6185;12,125
6186;8,25
6187;64,625
6188;40
6189;14,75
6190;17
6191;44,5
6192;27,625
6193;76,25
6194;5,5
6195;8,5
6196;5,125
6197;7,625
6198;5,625
6199;6,25
6200;50,25
6201;17,125
6202;14,125
6203;4,375
6204;3,75
6205;6,25
6206;3
6207;6,625
6208;4
6209;14,25
6210;12,5
6211;14,25
6212;44,5
6213;21,5
6214;17,125
6215;15,375
6216;18,375
6217;17,875
6218;6,5
6219;4,625
6220;6,125
6221;4,25
6222;6,375
6223;3,875
6224;17,625
6225;12,125
6226;10,25
6227;3,875
6228;5,75
6229;3,5
6230;6
6231;3,375
6232;13,625
6233;11,5
6234;8,375
6235;43,625
6236;29,25
6237;14,875
6238;12,125
6239;14,5
6240;38
6241;46,25
6242;17,125
6243;14,375
6244;6,875
6245;5,875
6246;4,25
6247;6,125
6248;7,25
6249;22,875
6250;5,375
6251;62,875
6252;16,875
6253;40,875
6254;55,25
6255;41,375
6256;5,875
6257;4,125
6258;5,375
6259;4,125
6260;5,625
6261;4,125
6262;5,375
6263;9,125
6264;10,125
6265;10,75
6266;16,5
6267;12,125
6268;13,625
6269;3,125
6270;6,125
6271;3,625
6272;6,25
6273;6,5
6274;9,625
6275;19,625
6276;11,875
6277;8,125
6278;4,5
6279;5,625
6280;3,75
6281;6
6282;9,625
6283;14,625
6284;13,5
6285;12,5
6286;29
6287;9,875
6288;7,625
6289;11,625
6290;8,375
6291;11,875
6292;10,125
6293;11
6294;7,125
6295;5
6296;18,5
6297;16,5
6298;37,25
6299;57,875
6300;61,25
6301;22,375
6302;7,375
6303;6
6304;6
6305;14,875
6306;12,75
6307;44,625
6308;14
6309;15,5
6310;24,25
6311;46,25
6312;32,875
6313;24,125
6314;11,5
6315;3,75
6316;6,125
6317;3,25
6318;6
6319;3,5
6320;23,5
6321;17
6322;4,625
6323;5,125
6324;4,5
6325;5,25
6326;4,125
6327;7,375
6328;13,125
6329;13,375
6330;12,125
6331;20,125
6332;30,125
6333;34,625
6334;20,375
6335;14,125
6336;9,5
6337;5,5
6338;3,625
6339;6,375
6340;4,5
6341;5,375
6342;5,375
6343;4,25
6344;7,375
6345;26,375
6346;6
6347;13,5
6348;11,25
6349;8,75
6350;15,75
6351;17,5
6352;29,125
6353;56
6354;71,375
6355;25,125
6356;63,25
6357;56,625
6358;26,25
6359;19,375
6360;37,75
6361;41,75
6362;7,875
6363;8,125
6364;7,75
6365;7,375
6366;7,25
6367;7,125
6368;24,75
6369;17,25
6370;12,875
6371;6,625
6372;6,5
6373;3,125
6374;3,125
6375;3,125
6376;7,125
6377;14,75
6378;14,25
6379;24,625
6380;22,25
6381;16,375
6382;31,75
6383;36,75
6384;45,875
6385;46,5
6386;5,125
6387;5,375
6388;6
6389;4,875
6390;6,25
6391;3,375
6392;47,75
6393;21,25
6394;12
6395;3,125
6396;5,875
6397;4,125
6398;4,875
6399;4,875
6400;12,75
6401;18,375
6402;6
6403;45,875
6404;68,375
6405;29,375
6406;55,375
6407;13
6408;15,625
6409;73,625
6410;38,25
6411;15,5
6412;4,625
6413;7,625
6414;4,5
6415;8,25
6416;16,25
6417;15,875
6418;23,875
6419;95,5
6420;97,875
6421;13,625
6422;14,75
6423;11
6424;7
6425;4,75
6426;7,375
6427;49,5
6428;22,25
6429;14,625
6430;19,625
6431;13,75
6432;14,875
6433;16,375
6434;15,25
6435;13,75
6436;10,75
6437;5
6438;6,25
6439;5,5
6440;10,375
6441;18,875
6442;28,75
6443;17
6444;10,75
6445;38,625
6446;36,375
6447;10,125
6448;44,25
6449;18,875
6450;62,75
6451;47
6452;63,625
6453;22,625
6454;22,75
6455;31,25
6456;23,5
6457;10,5
6458;5,5
6459;5,25
6460;3
6461;6,25
6462;3,125
6463;6,25
6464;17,125
6465;12
6466;15,5
6467;15,625
6468;4,75
6469;27,5
6470;11,5
6471;10,625
6472;5,625
6473;15,25
6474;13,75
6475;15,375
6476;22,125
6477;25,5
6478;17,125
6479;10,75
6480;6,375
6481;5,75
6482;7,125
6483;3,125
6484;6,5
6485;3,125
6486;6,625
6487;3,125
6488;22,875
6489;43,375
6490;38,25
6491;6
6492;4
6493;5
6494;4,875
6495;5,5
6496;8,625
6497;12,375
6498;34,375
6499;13,125
6500;18,125
6501;25,625
6502;13,5
6503;58,375
6504;7,375
6505;4,375
6506;7
6507;4
6508;7,375
6509;4
6510;6,875
6511;4,75
6512;51
6513;50,5
6514;28,625
6515;18,25
6516;9
6517;13,875
6518;10,75
6519;7
6520;16,875
6521;9,5
6522;6,625
6523;37,25
6524;22,5
6525;20,375
6526;21,125
6527;63,5
6528;15,375
6529;51,25
6530;48
6531;15,125
6532;12,25
6533;6,625
6534;3,75
6535;7,25
6536;66
6537;24,625
6538;11,75
6539;4,25
6540;5,875
6541;3
6542;6,75
6543;3,125
6544;7
6545;7,875
6546;14
6547;19,625
6548;16,875
6549;25,5
6550;11
6551;37,375
6552;42
6553;5,5
6554;5,25
6555;4,75
6556;5,25
6557;4
6558;5,5
6559;3,625
6560;19,5
6561;13,875
6562;12,875
6563;4,375
6564;6,25
6565;3,125
6566;7,125
6567;5
6568;14,375
6569;12,5
6570;9,5
6571;10,875
6572;65,5
6573;18
6574;19
6575;16,5
6576;10,125
6577;18,125
6578;13,875
6579;16,125
6580;5
6581;8
6582;4,625
6583;7,875
6584;4,5
6585;40,375
6586;4,625
6587;6,625
6588;5,5
6589;5,875
6590;7,5
6591;15,625
6592;13,75
6593;10,75
6594;3,125
6595;5,5
6596;4,625
6597;4,25
6598;5,5
6599;3,625
6600;6,125
6601;5,75
6602;15,5
6603;10
6604;9
6605;5,25
6606;8,5
6607;5,625
6608;8,125
6609;5,625
6610;7,5
6611;5,375
6612;44,625
6613;6,25
6614;14,75
6615;11,625
6616;14
6617;21,625
6618;9
6619;13,25
6620;11,125
6621;15,375
6622;26
6623;14,125
6624;13,375
6625;13,75
6626;14,625
6627;7,375
6628;4,5
6629;4
6630;5,875
6631;3,625
6632;27
6633;15,875
6634;15,625
6635;12
6636;65
6637;43
6638;9,875
6639;12,125
6640;14
6641;7,125
6642;10,75
6643;25,375
6644;19,25
6645;21,125
6646;40,75
6647;37,625
6648;29,125
6649;37,125
6650;6,75
6651;3,625
6652;7,25
6653;3
6654;5,75
6655;4,375
6656;59,375
6657;29,75
6658;3
6659;6,75
6660;3,125
6661;6,5
6662;3,125
6663;6,375
6664;3,625
6665;13,5
6666;11,75
6667;17,5
6668;17,25
6669;43
6670;35,25
6671;16,25
6672;10,75
6673;4,625
6674;47,375
6675;43,375
6676;5
6677;6,125
6678;4,125
6679;6,875
6680;20,375
6681;16,125
6682;6,75
6683;14
6684;12,75
6685;11,5
6686;8,625
6687;6,75
6688;11
6689;12
6690;14
6691;49,125
6692;10,75
6693;15,625
6694;19,75
6695;66,125
6696;12,25
6697;7,625
6698;7,625
6699;7,625
6700;7,5
6701;7,5
6702;7,5
6703;7,375
6704;82,375
6705;37,125
6706;29,75
6707;3
6708;3,125
6709;7,625
6710;7,125
6711;7,375
6712;5,25
6713;17
6714;13
6715;53,875
6716;17,375
6717;15,125
6718;22,75
6719;25,875
6720;24,875
6721;35,875
6722;4
6723;8,125
6724;36,375
6725;7,5
6726;6,375
6727;3,875
6728;72,75
6729;18,5
6730;8,625
6731;6,75
6732;3,125
6733;5,875
6734;4,375
6735;5,125
6736;15,125
6737;11,125
6738;7,875
6739;33,875
6740;93,375
6741;25,75
6742;29,25
6743;30,875
6744;17,25
6745;13,25
6746;23,125
6747;14,375
6748;13,375
6749;6,25
6750;5,125
6751;6,75
6752;12,375
6753;17,5
6754;10,5
6755;4
6756;6,125
6757;40,125
6758;11,25
6759;10,5
6760;3,125
6761;7
6762;3,5
6763;4,75
6764;5,5
6765;3,125
6766;6
6767;4,25
6768;3,125
6769;14
6770;15,875
6771;16,75
6772;11,375
6773;3,5
6774;4,875
6775;6,375
6776;3,625
6777;4,625
6778;17,375
6779;27,625
6780;38
6781;6
6782;41,125
6783;24
6784;12,25
6785;9
6786;8,5
6787;13,5
6788;40,5
6789;44,5
6790;50,625
6791;14,125
6792;15,875
6793;11,75
6794;17,375
6795;10,625
6796;3,25
6797;6,625
6798;4,375
6799;3,125
6800;21,875
6801;15,5
6802;12,25
6803;14,25
6804;8,125
6805;4,875
6806;6,5
6807;11,5
6808;7,375
6809;13,25
6810;12,125
6811;25,75
6812;19,375
6813;19
6814;16,125
6815;12
6816;13,125
6817;4,25
6818;7,25
6819;3,875
6820;5,375
6821;5,875
6822;3,625
6823;7,375
6824;24,375
6825;12,875
6826;4,25
6827;4,25
6828;5,875
6829;3,125
6830;6,125
6831;4
6832;9,5
6833;16
6834;9,875
6835;15,875
6836;17,75
6837;15,5
6838;19
6839;14,125
6840;7,75
6841;3,75
6842;7
6843;3,25
6844;6,375
6845;4,625
6846;6
6847;3,5
6848;10,625
6849;22,875
6850;21,75
6851;36,75
6852;52,125
6853;29,375
6854;7,875
6855;10,5
6856;15,75
6857;14,5
6858;9,625
6859;22,375
6860;31,125
6861;21,25
6862;15
6863;11,875
6864;9,375
6865;4,875
6866;6,375
6867;4,625
6868;6,625
6869;5
6870;6,875
6871;4,5
6872;37,75
6873;16,75
6874;12,75
6875;5
6876;4,875
6877;4,875
6878;4,625
6879;5,125
6880;9,375
6881;13,75
6882;9,125
6883;18,25
6884;20,875
6885;21,75
6886;12,625
6887;11,625
6888;10,375
6889;18,5
6890;21,125
6891;18
6892;8,875
6893;6,75
6894;3,125
6895;6,375
6896;20,75
6897;21
6898;9,125
6899;6,25
6900;3,25
6901;6,125
6902;3,5
6903;5,75
6904;10,375
6905;15,125
6906;6
6907;26,125
6908;17,125
6909;15,375
6910;45,625
6911;33,875
6912;110,375
6913;22,375
6914;14,5
6915;35,75
6916;42,5
6917;6,125
6918;7,25
6919;5,75
6920;6,5
6921;14
6922;21,75
6923;13,625
6924;14,625
6925;45,125
6926;65,25
6927;12,375
6928;6,5
6929;5,375
6930;34,125
6931;37,75
6932;61,875
6933;12,375
6934;16,375
6935;13,25
6936;14,5
6937;17,5
6938;17
6939;16,375
6940;6
6941;5,375
6942;6
6943;5,125
6944;8,75
6945;8,875
6946;22,125
6947;11,75
6948;71,375
6949;34,25
6950;97,875
6951;40,875
6952;12
6953;21,625
6954;13,625
6955;6,625
6956;3,125
6957;6,5
6958;14,125
6959;11,875
6960;4,125
6961;6,5
6962;3,875
6963;7,125
6964;3,875
6965;6,625
6966;3,375
6967;6,25
6968;5,375
6969;20,25
6970;38,125
6971;41,5
6972;3,125
6973;6,25
6974;3,125
6975;16,25
6976;14,125
6977;12,625
6978;9
6979;39,5
6980;16,125
6981;15,875
6982;10,5
6983;8,125
6984;5,75
6985;4
6986;5,625
6987;3,875
6988;5,625
6989;3,625
6990;5,75
6991;3,5
6992;10
6993;30,125
6994;13,75
6995;11,25
6996;11,125
6997;6,25
6998;6,25
6999;3,75
7000;11,5
7001;11,125
7002;32,625
7003;55,625
7004;17,625
7005;28,375
7006;15,875
7007;39,25
7008;43,5
7009;3,125
7010;6,75
7011;3,25
7012;6,375
7013;4,5
7014;4,875
7015;5,75
7016;30,625
7017;26,75
7018;59
7019;57
7020;20,5
7021;14,25
7022;5,25
7023;6,125
7024;7,625
7025;16
7026;13,75
7027;20,75
7028;54,375
7029;32
7030;21,5
7031;39,25
7032;22,75
7033;7,625
7034;7,75
7035;7,625
7036;7,375
7037;7,375
7038;7,125
7039;6,25
7040;47,375
7041;79,875
7042;84,5
7043;66,375
7044;19,625
7045;7,625
7046;3,25
7047;4
7048;13,875
7049;19,625
7050;21,5
7051;41,875
7052;55
7053;17,125
7054;34,625
7055;9,625
7056;33,75
7057;43,25
7058;3,75
7059;5,875
7060;5,375
7061;3,75
7062;7,25
7063;4
7064;7,75
7065;37,625
7066;19
7067;26,375
7068;12,875
7069;10,25
7070;5,75
7071;3,25
7072;5,5
7073;14,125
7074;12
7075;58,625
7076;35,125
7077;18
7078;22,75
7079;16
7080;17,75
7081;21,75
7082;13
7083;15
7084;4,75
7085;3,25
7086;5,625
7087;5,125
7088;6,375
7089;21,875
7090;23,25
7091;45,375
7092;43,125
7093;21
7094;23,375
7095;57,5
7096;64,75
7097;72,75
7098;56
7099;93,125
7100;23,5
7101;14,875
7102;30,875
7103;22,25
7104;21,875
7105;26,25
7106;41
7107;48
7108;6,5
7109;5,375
7110;3,75
7111;6,25
7112;3,25
7113;8,125
7114;27,75
7115;13,875
7116;8,625
7117;7,75
7118;9
7119;6,875
7120;7,375
7121;15,375
7122;58,75
7123;28,25
7124;25,75
7125;14
7126;58,5
7127;79,5
7128;82,5
7129;13,625
7130;6
7131;6,125
7132;4,125
7133;7,75
7134;4
7135;8,375
7136;30,625
7137;18
7138;13,5
7139;14
7140;15,5
7141;11,375
7142;14
7143;15,625
7144;5,25
7145;21,875
7146;18,625
7147;17,25
7148;25,75
7149;26,875
7150;39,625
7151;47,75
7152;81,625
7153;14,25
7154;3,5
7155;5,875
7156;3,75
7157;5,75
7158;4,375
7159;6
7160;24,875
7161;30,5
7162;23,375
7163;31,875
7164;30,875
7165;38,25
7166;25,625
7167;25
7168;22,75
7169;24,75
7170;39,5
7171;34,875
7172;75
7173;19,375
7174;29,625
7175;62,875
7176;28,125
7177;18,75
7178;77,875
7179;20,5
7180;21,875
7181;15,25
7182;5,75
7183;3,875
7184;31,625
7185;28,875
7186;21,75
7187;11
7188;8,375
7189;26,5
7190;8,25
7191;3,75
7192;17,125
7193;12,375
7194;14,875
7195;35,125
7196;63,375
7197;32,625
7198;34,25
7199;46,875
7200;61,375
7201;12,75
7202;4,375
7203;7,125
7204;4,5
7205;6,25
7206;5,625
7207;4,5
7208;78,25
7209;28,125
7210;27,5
7211;45,5
7212;81,5
7213;27,75
7214;16,25
7215;9,125
7216;3,625
7217;12
7218;25,5
7219;45,125
7220;29,125
7221;20,125
7222;37,25
7223;27,625
7224;73,75
7225;18,125
7226;12,25
7227;3,875
7228;6,875
7229;3,75
7230;6,25
7231;4,625
7232;19,875
7233;20,125
7234;25,875
7235;35,75
7236;21,75
7237;9,625
7238;3,25
7239;5,75
7240;16,125
7241;21,125
7242;28,375
7243;32,875
7244;79,5
7245;31,75
7246;40,5
7247;49,5
7248;59,25
7249;22,625
7250;15,25
7251;15,125
7252;9,875
7253;6,75
7254;4,25
7255;7,625
7256;5,625
7257;57
7258;23,5
7259;70,875
7260;59,625
7261;12,875
7262;17,75
7263;15
7264;21,25
7265;16,25
7266;34,75
7267;23,875
7268;17,875
7269;17,75
7270;37,25
7271;37
7272;34,5
7273;23,875
7274;22,875
7275;22,375
7276;11,875
7277;5,75
7278;5,25
7279;5,125
7280;8,75
7281;13,875
7282;40,375
7283;23,375
7284;14,375
7285;63
7286;11,875
7287;3,5
7288;6,75
7289;3,375
7290;6,625
7291;3,375
7292;6,75
7293;3,125
7294;105,125
7295;39,875
7296;28,875
7297;9
7298;5,5
7299;6,125
7300;4
7301;6,875
7302;3,25
7303;5,625
7304;11,25
7305;19
7306;19
7307;7
7308;5,125
7309;8,625
7310;21,625
7311;16,125
7312;26,125
7313;8,5
7314;6,625
7315;18,375
7316;15,125
7317;11,5
7318;10,25
7319;11,625
7320;10,375
7321;13,625
7322;9,5
7323;5,875
7324;5,125
7325;5,375
7326;5
7327;5,375
7328;5
7329;5,375
7330;4,625
7331;49,125
7332;30
7333;22,375
7334;28,5
7335;21,625
7336;92,125
7337;3,5
7338;6,125
7339;41,875
7340;40,375
7341;49
7342;62,875
7343;23,125
7344;17,125
7345;5,75
7346;5
7347;6,125
7348;4,5
7349;6,625
7350;4,875
7351;6,5
7352;8,25
7353;21,25
7354;23,125
7355;15,625
7356;10,125
7357;15,875
7358;5,75
7359;7,125
7360;26
7361;13,75
7362;48,25
7363;41,75
7364;9,25
7365;29,375
7366;25,25
7367;43,75
7368;8,5
7369;3,75
7370;6
7371;3,125
7372;6,875
7373;3,25
7374;5,375
7375;5
7376;72
7377;56,125
7378;20,375
7379;6,875
7380;3,25
7381;7
7382;3,25
7383;6,875
7384;5,875
7385;18,25
7386;31,5
7387;34,625
7388;19,25
7389;16,125
7390;32,75
7391;27
7392;16,125
7393;15,875
7394;16,25
7395;8,375
7396;5,875
7397;3,625
7398;6,375
7399;3,5
7400;22,875
7401;22,625
7402;11,875
7403;3,625
7404;6
7405;3,375
7406;6,25
7407;3,25
7408;11,25
7409;19,875
7410;21,875
7411;65,75
7412;47,375
7413;27,75
7414;48,375
7415;69,625
7416;79,875
7417;51
7418;54,25
7419;15,125
7420;7,5
7421;4,75
7422;4,125
7423;5,75
7424;3,875
7425;21,375
7426;18,5
7427;15,5
7428;15,25
7429;6,875
7430;7,875
7431;12,625
7432;13,75
7433;11,125
7434;23,625
7435;9,25
7436;3,75
7437;7
7438;21,75
7439;58
7440;22
7441;23,75
7442;65,75
7443;16,875
7444;13,125
7445;8,875
7446;3,125
7447;6,125
7448;3,875
7449;28,125
7450;59,625
7451;10,75
7452;23,25
7453;14,75
7454;16,25
7455;6,875
7456;4,25
7457;19,5
7458;30,125
7459;28,875
7460;34,5
7461;17,75
7462;25,75
7463;7,5
7464;8,25
7465;4,125
7466;5,875
7467;4,625
7468;10,375
7469;5,375
7470;4,875
7471;5,75
7472;18,5
7473;27,875
7474;16,875
7475;19
7476;11,5
7477;4,25
7478;13
7479;13
7480;10,5
7481;22,875
7482;31,625
7483;45,625
7484;44
7485;26,25
7486;27,125
7487;51,625
7488;31,125
7489;37,25
7490;16
7491;7,25
7492;6
7493;5,875
7494;5
7495;7,125
7496;23,625
7497;23
7498;6,875
7499;6,75
7500;3,375
7501;4
7502;6,375
7503;5,875
7504;11,25
7505;20,125
7506;31,25
7507;22
7508;65,625
7509;36,5
7510;37,625
7511;67,375
7512;14,375
7513;75,25
7514;15,375
7515;7,25
7516;4,125
7517;7,5
7518;4,125
7519;7,5
7520;17,25
7521;17
7522;11,375
7523;19
7524;10
7525;13
7526;10,625
7527;7,75
7528;13,75
7529;3,625
7530;14,5
7531;50,125
7532;24,625
7533;26,125
7534;18,75
7535;64,5
7536;67,75
7537;4,625
7538;7
7539;4,75
7540;5,5
7541;6,5
7542;4,125
7543;7,25
7544;21,25
7545;30,375
7546;9
7547;5,25
7548;4,375
7549;4,375
7550;5,125
7551;3,25
7552;7,5
7553;28
7554;40
7555;22,5
7556;18,75
7557;30,625
7558;36,75
7559;28,5
7560;10,625
7561;34,875
7562;40
7563;6,625
7564;4,375
7565;5,5
7566;5,375
7567;6,875
7568;35,75
7569;24,5
7570;4,375
7571;5,25
7572;5,25
7573;3,375
7574;6,875
7575;3,125
7576;19,625
7577;25
7578;9,25
7579;16,25
7580;30,625
7581;30,375
7582;34,375
7583;30,125
7584;20,875
7585;27
7586;28,5
7587;10,75
7588;5,125
7589;4,75
7590;6
7591;3,75
7592;7
7593;21,625
7594;12,5
7595;9,375
7596;10,875
7597;12,625
7598;51,5
7599;74,625
7600;38,75
7601;58,375
7602;5,375
7603;7,375
7604;6,125
7605;8,125
7606;6,625
7607;7,5
7608;7,25
7609;6,875
7610;22,75
7611;5,875
7612;4,75
7613;6,25
7614;3,75
7615;6,125
7616;5
7617;3,75
7618;7,375
7619;26,375
7620;18,5
7621;19,375
7622;17
7623;72,375
7624;20,5
7625;38,25
7626;3,25
7627;3,25
7628;4,125
7629;14,875
7630;84,125
7631;35,375
7632;24,625
7633;4,25
7634;4,25
7635;6,875
7636;6,375
7637;3,875
7638;3,75
7639;4,5
7640;27,875
7641;28,75
7642;30
7643;23
7644;15,125
7645;20,25
7646;23,125
7647;17,25
7648;24,75
7649;17,125
7650;26,25
7651;34
7652;25,75
7653;27,125
7654;26,375
7655;73,25
7656;37,375
7657;43,75
7658;5
7659;5,25
7660;5,25
7661;4,875
7662;5,25
7663;4,625
7664;52,875
7665;21,25
7666;3,625
7667;5,875
7668;3,5
7669;5,625
7670;3,75
7671;4,75
7672;4,625
7673;10
7674;30,75
7675;23,375
7676;22,125
7677;27,625
7678;29,25
7679;22,375
7680;48,125
7681;29,125
7682;4,375
7683;6,625
7684;5
7685;5,5
7686;6,25
7687;4,75
7688;29,5
7689;7,25
7690;5,75
7691;13,625
7692;18
7693;19,5
7694;13,125
7695;18,625
7696;14,25
7697;20,125
7698;32,375
7699;36,875
7700;19,25
7701;15,375
7702;22,625
7703;26,5
7704;16,375
7705;15,75
7706;16,25
7707;11,75
7708;4,25
7709;7,75
7710;4,375
7711;6
7712;27
7713;25,375
7714;13,125
7715;5,125
7716;4,875
7717;4,75
7718;5,125
7719;3,875
7720;10,25
7721;9,875
7722;35
7723;34,375
7724;50,125
7725;20
7726;31
7727;23,375
7728;38,375
7729;43,25
7730;7,5
7731;6,75
7732;5,125
7733;4,75
7734;7,25
7735;4,625
7736;27,75
7737;20
7738;11,625
7739;4,875
7740;3,5
7741;6,125
7742;3,25
7743;5,875
7744;17,375
7745;21,125
7746;15,5
7747;72,625
7748;6,125
7749;6,25
7750;53,25
7751;40,5
7752;21,75
7753;18,875
7754;14,875
7755;11,375
7756;9,125
7757;12,375
7758;9
7759;10,5
7760;11,875
7761;12,625
7762;94
7763;23,5
7764;6,25
7765;3,25
7766;39,625
7767;27,375
7768;19,875
7769;18,5
7770;25,25
7771;4
7772;4,5
7773;4,875
7774;3,25
7775;6,375
7776;3,25
7777;5,75
7778;14,125
7779;66
7780;7,125
7781;3,625
7782;4,625
7783;6,625
7784;3,875
7785;4,75
7786;56,375
7787;26,75
7788;10,125
7789;8,625
7790;7,25
7791;10,75
7792;7,5
7793;6,5
7794;10,125
7795;29,5
7796;76,25
7797;39,5
7798;104,125
7799;24,125
7800;12,875
7801;6,25
7802;3,75
7803;9,75
7804;3,875
7805;4,875
7806;6
7807;4,25
7808;29
7809;21,625
7810;6,25
7811;4,5
7812;5,125
7813;4,75
7814;4
7815;5,875
7816;26,625
7817;21
7818;35,125
7819;51,25
7820;13,25
7821;28,125
7822;29,125
7823;50,875
7824;64,5
7825;15,125
7826;17,875
7827;14,125
7828;9,875
7829;4,125
7830;7
7831;5,375
7832;23
7833;27,25
7834;4,25
7835;4,75
7836;5,25
7837;3,125
7838;5,875
7839;4,5
7840;3,5
7841;21,5
7842;33,625
7843;32,625
7844;30,75
7845;25,25
7846;35,625
7847;30,375
7848;20,25
7849;14,125
7850;6,5
7851;4
7852;7,25
7853;3,875
7854;4,625
7855;7,125
7856;22,25
7857;23,75
7858;21,625
7859;14,375
7860;9,125
7861;12,75
7862;19,5
7863;12,625
7864;9,875
7865;15,375
7866;36,75
7867;60,125
7868;12,75
7869;22,375
7870;25,25
7871;58
7872;12
7873;4,375
7874;27,5
7875;9,125
7876;4,375
7877;7
7878;3,875
7879;5,375
7880;26,25
7881;29,875
7882;25
7883;4,375
7884;6,625
7885;3,25
7886;3,25
7887;6,75
7888;6,5
7889;23,625
7890;34
7891;31,75
7892;19,125
7893;22,75
7894;26
7895;52
7896;44,875
7897;7,125
7898;6,875
7899;3,75
7900;7,125
7901;4
7902;4,5
7903;16,5
7904;19,875
7905;32,875
7906;41,375
7907;6,25
7908;5,125
7909;4,125
7910;5,875
7911;3,25
7912;22,625
7913;24,125
7914;23
7915;31,75
7916;28,625
7917;35,75
7918;41,25
7919;57,75
7920;66,625
7921;54,875
7922;22
7923;10
7924;7,125
7925;4,25
7926;6,75
7927;5,375
7928;4,5
7929;24,375
7930;4,125
7931;3,625
7932;8,25
7933;17
7934;28,125
7935;37,375
7936;3,25
7937;10,125
7938;137
7939;76,75
7940;47,25
7941;24,625
7942;27,5
7943;29,25
7944;20,125
7945;22
7946;26,125
7947;17,75
7948;6,75
7949;3,75
7950;5,75
7951;15,25
7952;27,25
7953;29,875
7954;30,875
7955;17,25
7956;14
7957;6,125
7958;7,125
7959;38
7960;29,375
7961;4,75
7962;6
7963;3,125
7964;4,75
7965;6,25
7966;50,875
7967;42,75
7968;5,875
7969;3,75
7970;6,375
7971;5,75
7972;3,75
7973;5,625
7974;6,5
7975;4,375
7976;43,5
7977;61
7978;9,75
7979;11,75
7980;14,25
7981;79,625
7982;19,875
7983;15,75
7984;10,625
7985;21,875
7986;34,625
7987;28,25
7988;40,125
7989;23,125
7990;29,75
7991;22
7992;34,625
7993;44
7994;4,25
7995;7,125
7996;4,25
7997;5,875
7998;5,625
7999;4,75
8000;52,75
8001;15,375
8002;6,5
8003;3,25
8004;6
8005;3,5
8006;5,625
8007;3,875
8008;9,75
8009;32,25
8010;31,625
8011;27,5
8012;26,5
8013;31,75
8014;49,25
8015;36
8016;83
8017;7,5
8018;3,75
8019;6,625
8020;4,25
8021;4,875
8022;5,875
8023;4,25
8024;14,5
8025;26,375
8026;12,125
8027;16,25
8028;21,75
8029;37,375
8030;18,375
8031;7,875
8032;27,75
8033;25
8034;32,375
8035;64,75
8036;24,5
8037;24,125
8038;29,875
8039;21,625
8040;16,25
8041;5,625
8042;6,625
8043;4,375
8044;7
8045;3,875
8046;5,5
8047;5,875
8048;27,25
8049;37,125
8050;5
8051;6
8052;3,875
8053;3,25
8054;6,75
8055;3,375
8056;3,25
8057;19,25
8058;36,75
8059;31,25
8060;23,875
8061;44,125
8062;46,5
8063;50,875
8064;36,125
8065;36,125
8066;44,25
8067;6,75
8068;9,375
8069;6,375
8070;5,25
8071;9,25
8072;28,625
8073;31,875
8074;14
8075;6
8076;6
8077;4,25
8078;7,25
8079;5,125
8080;15,125
8081;37,625
8082;22,375
8083;9,75
8084;12,5
8085;9,125
8086;11,125
8087;30
8088;18,75
8089;16,625
8090;19,5
8091;23,375
8092;10
8093;6,125
8094;6,375
8095;4,25
8096;7,375
8097;12,25
8098;30,375
8099;38,5
8100;22,5
8101;9,5
8102;8,375
8103;60,625
8104;8,625
8105;8,875
8106;47
8107;105
8108;80,625
8109;58,25
8110;44,5
8111;44,875
8112;31,5
8113;29,125
8114;31,25
8115;28,875
8116;19,375
8117;7,375
8118;7,125
8119;9,5
8120;4,875
8121;30,125
8122;47,75
8123;37
8124;35,25
8125;22,75
8126;53,75
8127;40,375
8128;126,625
8129;41,125
8130;3,625
8131;3,5
8132;6,5
8133;8,125
8134;53
8135;55,875
8136;66,5
8137;21,5
8138;12,75
8139;9,375
8140;4,625
8141;4,75
8142;7
8143;7
8144;53
8145;34,875
8146;37,25
8147;30,125
8148;6,875
8149;10,5
8150;10,125
8151;23,75
8152;11,125
8153;29,625
8154;43,75
8155;42,375
8156;30,125
8157;39,125
8158;36,25
8159;45
8160;14,875
8161;8,75
8162;4,75
8163;7,625
8164;4,5
8165;6,375
8166;6,125
8167;8,5
8168;27,875
8169;51,375
8170;33,25
8171;17,25
8172;5,25
8173;3,75
8174;6,75
8175;3,75
8176;10,25
8177;18
8178;37,75
8179;38,625
8180;34,125
8181;34,5
8182;39,75
8183;77,75
8184;75
8185;18,875
8186;7,375
8187;5,875
8188;5,375
8189;7,375
8190;4,25
8191;7,75
8192;29,125
8193;76,75
8194;41,625
8195;4
8196;8,25
8197;4
8198;5,75
8199;6,25
8200;6,125
8201;9,125
8202;19,875
8203;42,5
8204;52,75
8205;48,75
8206;42,75
8207;38,375
8208;29,875
8209;6,125
8210;5
8211;5,25
8212;5,625
8213;3,875
8214;9,375
8215;8,125
8216;14
8217;32
8218;4
8219;6,75
8220;3,625
8221;5,875
8222;4,875
8223;3,875
8224;10,5
8225;39
8226;44,625
8227;53,25
8228;24,875
8229;43,5
8230;44
8231;78
8232;37,625
8233;42,125
8234;9,125
8235;7,25
8236;4,25
8237;7,375
8238;4,25
8239;6,875
8240;77,25
8241;61,625
8242;8
8243;6,375
8244;3,875
8245;6,5
8246;3,75
8247;6,75
8248;13,25
8249;30,25
8250;29,75
8251;34,125
8252;22,125
8253;42,75
8254;35,25
8255;67,875
8256;35,25
8257;91,75
8258;35,5
8259;7,375
8260;6,875
8261;5,625
8262;7
8263;5,375
8264;6,5
8265;25,25
8266;69,625
8267;45,625
8268;21,125
8269;16,125
8270;37,75
8271;35
8272;34
8273;24,375
8274;23,625
8275;57,375
8276;46,75
8277;33,625
8278;38
8279;40
8280;32,625
8281;36,125
8282;40,625
8283;22,5
8284;9,5
8285;11,625
8286;8,25
8287;10,625
8288;8,625
8289;19,875
8290;28,875
8291;26,5
8292;25
8293;83,25
8294;27
8295;93,375
8296;36,375
8297;50,75
8298;127,5
8299;113,625
8300;82,25
8301;75
8302;37,875
8303;40,5
8304;23,625
8305;5,625
8306;7,25
8307;4,25
8308;7
8309;5,75
8310;4,75
8311;14,625
8312;43,625
8313;35,625
8314;10,375
8315;3,5
8316;7,5
8317;5,125
8318;9
8319;22,75
8320;25,5
8321;22,375
8322;44,375
8323;38,125
8324;9,5
8325;5,875
8326;70
8327;50,625
8328;70,25
8329;6,625
8330;7
8331;4,75
8332;7,5
8333;6,625
8334;4,75
8335;7,875
8336;29,875
8337;23,625
8338;24,5
8339;7,375
8340;5,5
8341;14,75
8342;17
8343;22,125
8344;23,875
8345;31,5
8346;47,625
8347;57
8348;79,125
8349;26,25
8350;48
8351;42,75
8352;25,5
8353;8,25
8354;8,375
8355;8,125
8356;8,125
8357;4,625
8358;4,125
8359;6,625
8360;14,625
8361;28,375
8362;31,125
8363;31,25
8364;60,25
8365;74,625
8366;14,5
8367;11,25
8368;30,75
8369;27,625
8370;6,75
8371;6,75
8372;6,75
8373;5,25
8374;3,375
8375;6,25
8376;6,75
8377;17,75
8378;13,875
8379;9,625
8380;11,75
8381;9,125
8382;11,75
8383;9
8384;12,125
8385;9,25
8386;23,125
8387;77,75
8388;39,875
8389;55,5
8390;65,25
8391;22,75
8392;70,875
8393;88,625
8394;28,625
8395;54,75
8396;49,125
8397;93,125
8398;117,125
8399;49,25
8400;20,875
8401;8,75
8402;4,75
8403;7,625
8404;4,5
8405;6,375
8406;6,125
8407;8,5
8408;27,875
8409;51,375
8410;33,25
8411;17,25
8412;5,25
8413;3,75
8414;6,75
8415;3,75
8416;10,25
8417;18
8418;37,75
8419;38,625
8420;34,125
8421;34,5
8422;39,75
8423;77,75
8424;75
8425;18,875
8426;7,375
8427;5,875
8428;5,375
8429;7,375
8430;4,25
8431;7,75
8432;29,125
8433;76,75
8434;41,625
8435;4
8436;8,25
8437;4
8438;5,75
8439;6,25
8440;6,125
8441;9,125
8442;19,875
8443;42,5
8444;52,75
8445;48,75
8446;42,75
8447;38,375
8448;29,875
8449;6,125
8450;5
8451;5,25
8452;5,625
8453;3,875
8454;9,375
8455;8,125
8456;14
8457;32
8458;4
8459;6,75
8460;3,625
8461;5,875
8462;4,875
8463;3,875
8464;10,5
8465;39
8466;44,625
8467;53,25
8468;24,875
8469;43,5
8470;44
8471;78
8472;37,625
8473;42,125
8474;9,125
8475;7,25
8476;4,25
8477;7,375
8478;4,25
8479;6,875
8480;77,25
8481;61,625
8482;8
8483;6,375
8484;3,875
8485;6,5
8486;3,75
8487;6,75
8488;13,25
8489;30,25
8490;29,75
8491;34,125
8492;22,125
8493;42,75
8494;35,25
8495;67,875
8496;35,25
8497;91,75
8498;35,5
8499;7,375
8500;6,875
8501;5,625
8502;7
8503;5,375
8504;6,5
8505;25,25
8506;69,625
8507;45,625
8508;21,125
8509;16,125
8510;37,75
8511;35
8512;34
8513;24,375
8514;23,625
8515;57,375
8516;46,75
8517;33,625
8518;38
8519;40
8520;32,625
8521;36,125
8522;40,625
8523;22,5
8524;9,5
8525;11,625
8526;8,25
8527;10,625
8528;8,625
8529;19,875
8530;28,875
8531;26,5
8532;25
8533;83,25
8534;27
8535;93,375
8536;36,375
8537;50,75
8538;127,5
8539;113,625
8540;82,25
8541;75
8542;37,875
8543;40,5
8544;23,625
8545;5,625
8546;7,25
8547;4,25
8548;7
8549;5,75
8550;4,75
8551;14,625
8552;43,625
8553;35,625
8554;10,375
8555;3,5
8556;7,5
8557;5,125
8558;9
8559;22,75
8560;25,5
8561;22,375
8562;44,375
8563;38,125
8564;9,5
8565;5,875
8566;70
8567;50,625
8568;70,25
8569;6,625
8570;7
8571;4,75
8572;7,5
8573;6,625
8574;4,75
8575;7,875
8576;29,875
8577;23,625
8578;24,5
8579;7,375
8580;5,5
8581;14,75
8582;17
8583;22,125
8584;23,875
8585;31,5
8586;47,625
8587;57
8588;79,125
8589;26,25
8590;48
8591;42,75
8592;25,5
8593;8,25
8594;8,375
8595;8,125
8596;8,125
8597;4,625
8598;4,125
8599;6,625
8600;14,625
8601;28,375
8602;31,125
8603;31,25
8604;60,25
8605;74,625
8606;14,5
8607;11,25
8608;30,75
8609;27,625
8610;6,75
8611;6,75
8612;6,75
8613;5,25
8614;3,375
8615;6,25
8616;6,75
8617;17,75
8618;13,875
8619;9,625
8620;11,75
8621;9,125
8622;11,75
8623;9
8624;12,125
8625;9,25
8626;23,125
8627;77,75
8628;39,875
8629;55,5
8630;65,25
8631;22,75
8632;70,875
8633;88,625
8634;28,625
8635;54,75
8636;49,125
8637;93,125
8638;117,125
8639;49,25
8640;20,875
8641;8,75
8642;4,75
8643;7,625
8644;4,5
8645;6,375
8646;6,125
8647;8,5
8648;27,875
8649;51,375
8650;33,25
8651;17,25
8652;5,25
8653;3,75
8654;6,75
8655;3,75
8656;10,25
8657;18
8658;37,75
8659;38,625
8660;34,125
8661;34,5
8662;39,75
8663;77,75
8664;75
8665;18,875
8666;7,375
8667;5,875
8668;5,375
8669;7,375
8670;4,25
8671;7,75
8672;29,125
8673;76,75
8674;41,625
8675;4
8676;8,25
8677;4
8678;5,75
8679;6,25
8680;6,125
8681;9,125
8682;19,875
8683;42,5
8684;52,75
8685;48,75
8686;42,75
8687;38,375
8688;29,875
8689;6,125
8690;5
8691;5,25
8692;5,625
8693;3,875
8694;9,375
8695;8,125
8696;14
8697;32
8698;4
8699;6,75
8700;3,625
8701;5,875
8702;4,875
8703;3,875
8704;10,5
8705;39
8706;44,625
8707;53,25
8708;24,875
8709;43,5
8710;44
8711;78
8712;37,625
8713;42,125
8714;9,125
8715;7,25
8716;4,25
8717;7,375
8718;4,25
8719;6,875
8720;77,25
8721;61,625
8722;8
8723;6,375
8724;3,875
8725;6,5
8726;3,75
8727;6,75
8728;13,25
8729;30,25
8730;29,75
8731;34,125
8732;22,125
8733;42,75
8734;35,25
8735;67,875
8736;35,25
8737;91,75
8738;35,5
8739;7,375
8740;6,875
8741;5,625
8742;7
8743;5,375
8744;6,5
8745;25,25
8746;69,625
8747;45,625
8748;21,125
8749;16,125
8750;37,75
8751;35
8752;34
8753;24,375
8754;23,625
8755;57,375
8756;46,75
8757;33,625
8758;38
8759;40
8760;32,625
